Category,CategoryID,GO,Description,PARENT_GO,LogP,Enrichment,Z-score,#TotalGeneInLibrary,#GeneInGO,#GeneInHitList,#GeneInGOAndHitList,%InGO,STDV %InGO,GeneID,Hits,Log(q-value),GeneList
GO Biological Processes,19,GO:0098916,anterograde trans-synaptic signaling,19_GO:0050789 regulation of biological process,-7.1,4.4,7.2,30244,412,316,19,6,1.3,784|1128|1393|1728|2054|2146|2893|2912|3350|3360|5376|6196|7476|9751|11255|23513|112476|140730|143425,CACNB3|CHRM1|CRHBP|NQO1|STX2|EZH2|GRIA4|GRM2|HTR1A|HTR4|PMP22|RPS6KA2|WNT7A|SNPH|HRH3|SCRIB|PRRT2|RIMS4|SYT9,-3.4,genes
GO Biological Processes,19,GO:0007268,chemical synaptic transmission,19_GO:0050789 regulation of biological process,-7.1,4.4,7.2,30244,412,316,19,6,1.3,784|1128|1393|1728|2054|2146|2893|2912|3350|3360|5376|6196|7476|9751|11255|23513|112476|140730|143425,CACNB3|CHRM1|CRHBP|NQO1|STX2|EZH2|GRIA4|GRM2|HTR1A|HTR4|PMP22|RPS6KA2|WNT7A|SNPH|HRH3|SCRIB|PRRT2|RIMS4|SYT9,-3.4,genes
GO Biological Processes,19,GO:0099536,synaptic signaling,19_GO:0050789 regulation of biological process,-7,4.2,7.1,30244,457,316,20,6.3,1.4,784|1128|1393|1728|1838|2054|2146|2893|2912|3350|3360|5376|6196|7476|9751|11255|23513|112476|140730|143425,CACNB3|CHRM1|CRHBP|NQO1|DTNB|STX2|EZH2|GRIA4|GRM2|HTR1A|HTR4|PMP22|RPS6KA2|WNT7A|SNPH|HRH3|SCRIB|PRRT2|RIMS4|SYT9,-3.4,genes
GO Biological Processes,19,GO:0120035,regulation of plasma membrane bounded cell projection organization,19_GO:0050789 regulation of biological process,-7,3.6,6.7,30244,647,316,24,7.6,1.5,960|1523|2146|2242|2534|4099|4916|5274|5376|5396|5780|6091|6239|6714|6722|7025|7476|8408|9638|10154|11135|23224|57118|57175,CD44|CUX1|EZH2|FES|FYN|MAG|NTRK3|SERPINI1|PMP22|PRRX1|PTPN9|ROBO1|RREB1|SRC|SRF|NR2F1|WNT7A|ULK1|FEZ1|PLXNC1|CDC42EP1|SYNE2|CAMK1D|CORO1B,-3.4,genes
GO Biological Processes,19,GO:0099537,trans-synaptic signaling,19_GO:0050789 regulation of biological process,-6.8,4.2,7,30244,428,316,19,6,1.3,784|1128|1393|1728|2054|2146|2893|2912|3350|3360|5376|6196|7476|9751|11255|23513|112476|140730|143425,CACNB3|CHRM1|CRHBP|NQO1|STX2|EZH2|GRIA4|GRM2|HTR1A|HTR4|PMP22|RPS6KA2|WNT7A|SNPH|HRH3|SCRIB|PRRT2|RIMS4|SYT9,-3.4,genes
GO Biological Processes,19,GO:0031344,regulation of cell projection organization,19_GO:0050789 regulation of biological process,-6.8,3.5,6.6,30244,662,316,24,7.6,1.5,960|1523|2146|2242|2534|4099|4916|5274|5376|5396|5780|6091|6239|6714|6722|7025|7476|8408|9638|10154|11135|23224|57118|57175,CD44|CUX1|EZH2|FES|FYN|MAG|NTRK3|SERPINI1|PMP22|PRRX1|PTPN9|ROBO1|RREB1|SRC|SRF|NR2F1|WNT7A|ULK1|FEZ1|PLXNC1|CDC42EP1|SYNE2|CAMK1D|CORO1B,-3.4,genes
GO Biological Processes,19,GO:0031175,neuron projection development,19_GO:0032502 developmental process,-6.7,3.4,6.5,30244,670,316,24,7.6,1.5,1009|1908|2051|2534|4099|4205|4760|5588|5662|5870|6091|6722|7476|8408|8650|9638|9721|10154|23513|64221|64919|80303|201191|388552,CDH11|EDN3|EPHB6|FYN|MAG|MEF2A|NEUROD1|PRKCQ|PSD|RAB6A|ROBO1|SRF|WNT7A|ULK1|NUMB|FEZ1|GPRIN2|PLXNC1|SCRIB|ROBO3|BCL11B|EFHD1|SAMD14|BLOC1S3,-3.4,genes
GO Biological Processes,19,GO:0007423,sensory organ development,19_GO:0032502 developmental process,-6.7,3.7,6.6,30244,574,316,22,7,1.4,94|1052|1289|4094|4760|4916|5156|5396|6722|7111|7476|7482|7545|7837|7849|7855|8575|10194|23513|64919|124842|388552,ACVRL1|CEBPD|COL5A1|MAF|NEUROD1|NTRK3|PDGFRA|PRRX1|SRF|TMOD1|WNT7A|WNT2B|ZIC1|PXDN|PAX8|FZD5|PRKRA|TSHZ1|SCRIB|BCL11B|TMEM132E|BLOC1S3,-3.4,genes
GO Biological Processes,19,GO:0042060,wound healing,19_GO:0050896 response to stimulus,-6.3,4.6,6.8,30244,334,316,16,5.1,1.2,94|960|1289|1606|5156|5329|5465|6714|6722|7476|23513|57175|84750|91782|128272|388552,ACVRL1|CD44|COL5A1|DGKA|PDGFRA|PLAUR|PPARA|SRC|SRF|WNT7A|SCRIB|CORO1B|FUT10|CHMP7|ARHGEF19|BLOC1S3,-3,genes
GO Biological Processes,19,GO:0046903,secretion,19_GO:0051179 localization,-6.1,3.6,6.3,30244,526,316,20,6.3,1.4,1128|1393|1908|2054|2912|3360|4760|4818|4883|5066|7476|8013|9751|11255|23513|55823|112476|140730|143425|388552,CHRM1|CRHBP|EDN3|STX2|GRM2|HTR4|NEUROD1|NKG7|NPR3|PAM|WNT7A|NR4A3|SNPH|HRH3|SCRIB|VPS11|PRRT2|RIMS4|SYT9|BLOC1S3,-2.9,genes
GO Biological Processes,19,GO:0010975,regulation of neuron projection development,19_GO:0032502 developmental process,-5.8,3.8,6.2,30244,452,316,18,5.7,1.3,1523|2146|2242|2534|4099|4916|5274|5376|5396|5780|6091|6722|7025|7476|8408|9638|10154|57118,CUX1|EZH2|FES|FYN|MAG|NTRK3|SERPINI1|PMP22|PRRX1|PTPN9|ROBO1|SRF|NR2F1|WNT7A|ULK1|FEZ1|PLXNC1|CAMK1D,-2.7,genes
GO Biological Processes,19,GO:0009611,response to wounding,19_GO:0050896 response to stimulus,-5.8,3.8,6.2,30244,452,316,18,5.7,1.3,94|960|1289|1606|4099|4916|5156|5329|5465|6714|6722|7476|23513|57175|84750|91782|128272|388552,ACVRL1|CD44|COL5A1|DGKA|MAG|NTRK3|PDGFRA|PLAUR|PPARA|SRC|SRF|WNT7A|SCRIB|CORO1B|FUT10|CHMP7|ARHGEF19|BLOC1S3,-2.7,genes
GO Biological Processes,19,GO:0006836,neurotransmitter transport,19_GO:0051179 localization,-5.7,6.9,7.1,30244,139,316,10,3.2,0.98,2054|3382|7476|9751|11255|23513|55315|112476|140730|143425,STX2|ICA1|WNT7A|SNPH|HRH3|SCRIB|SLC29A3|PRRT2|RIMS4|SYT9,-2.6,genes
GO Biological Processes,19,GO:0001775,cell activation,19_GO:0032501 multicellular organismal process,-5.6,3.1,5.8,30244,717,316,23,7.3,1.5,960|1503|1606|2146|2534|3460|3956|3988|4818|5156|5588|6482|6714|6722|7476|7855|8013|11334|23513|23765|64919|83593|388552,CD44|CTPS1|DGKA|EZH2|FYN|IFNGR2|LGALS1|LIPA|NKG7|PDGFRA|PRKCQ|ST3GAL1|SRC|SRF|WNT7A|FZD5|NR4A3|TUSC2|SCRIB|IL17RA|BCL11B|RASSF5|BLOC1S3,-2.6,genes
GO Biological Processes,19,GO:0099643,signal release from synapse,19_GO:0051179 localization,-5.5,9,7.6,30244,85,316,8,2.5,0.88,2054|7476|9751|11255|23513|112476|140730|143425,STX2|WNT7A|SNPH|HRH3|SCRIB|PRRT2|RIMS4|SYT9,-2.5,genes
GO Biological Processes,19,GO:0007269,neurotransmitter secretion,19_GO:0051179 localization,-5.5,9,7.6,30244,85,316,8,2.5,0.88,2054|7476|9751|11255|23513|112476|140730|143425,STX2|WNT7A|SNPH|HRH3|SCRIB|PRRT2|RIMS4|SYT9,-2.5,genes
GO Biological Processes,19,GO:0007420,brain development,19_GO:0032502 developmental process,-5.5,2.9,5.6,30244,787,316,24,7.6,1.5,2146|2534|4760|4821|5810|6091|6714|6722|7476|7482|7545|8650|8655|9638|22809|23224|23513|51434|64919|79109|84750|85446|140733|431707,EZH2|FYN|NEUROD1|NKX2-2|RAD1|ROBO1|SRC|SRF|WNT7A|WNT2B|ZIC1|NUMB|DYNLL1|FEZ1|ATF5|SYNE2|SCRIB|ANAPC7|BCL11B|MAPKAP1|FUT10|ZFHX2|MACROD2|LHX8,-2.5,genes
GO Biological Processes,19,GO:2000392,regulation of lamellipodium morphogenesis,19_GO:0032502 developmental process,-5.4,35,12,30244,11,316,4,1.3,0.63,960|6239|6714|57175,CD44|RREB1|SRC|CORO1B,-2.5,genes
GO Biological Processes,19,GO:0000904,cell morphogenesis involved in differentiation,19_GO:0032502 developmental process,-5.3,3.5,5.7,30244,493,316,18,5.7,1.3,1009|1908|2051|2534|4205|4233|5588|6091|6722|7476|8408|8650|9638|10154|23513|64221|64919|168002,CDH11|EDN3|EPHB6|FYN|MEF2A|MET|PRKCQ|ROBO1|SRF|WNT7A|ULK1|NUMB|FEZ1|PLXNC1|SCRIB|ROBO3|BCL11B|DACT2,-2.4,genes
GO Biological Processes,19,GO:0032989,cellular component morphogenesis,19_GO:0032502 developmental process,-5.2,3.2,5.6,30244,597,316,20,6.3,1.4,1009|1908|2051|2318|2534|4099|4205|5156|5376|5588|6091|6722|7111|7476|8408|8650|9638|10154|64221|64919,CDH11|EDN3|EPHB6|FLNC|FYN|MAG|MEF2A|PDGFRA|PMP22|PRKCQ|ROBO1|SRF|TMOD1|WNT7A|ULK1|NUMB|FEZ1|PLXNC1|ROBO3|BCL11B,-2.4,genes
GO Biological Processes,19,GO:0031346,positive regulation of cell projection organization,19_GO:0048518 positive regulation of biological process,-5.2,4,5.9,30244,355,316,15,4.7,1.2,1523|2146|2242|2534|4916|5274|6091|6239|6714|6722|9638|10154|11135|57118|57175,CUX1|EZH2|FES|FYN|NTRK3|SERPINI1|ROBO1|RREB1|SRC|SRF|FEZ1|PLXNC1|CDC42EP1|CAMK1D|CORO1B,-2.4,genes
GO Biological Processes,19,GO:0008283,cell population proliferation,19_GO:0009987 cellular process,-5.2,3,5.5,30244,706,316,22,7,1.4,94|694|1012|1503|1908|2242|2534|3988|4883|5163|5396|5588|6714|7049|7476|7482|8013|8650|22809|22920|23513|83593,ACVRL1|BTG1|CDH13|CTPS1|EDN3|FES|FYN|LIPA|NPR3|PDK1|PRRX1|PRKCQ|SRC|TGFBR3|WNT7A|WNT2B|NR4A3|NUMB|ATF5|KIFAP3|SCRIB|RASSF5,-2.4,genes
GO Biological Processes,19,GO:0030900,forebrain development,19_GO:0032502 developmental process,-5.2,3.8,5.8,30244,404,316,16,5.1,1.2,2146|2534|4760|6091|6714|6722|7476|7482|7545|8650|9638|22809|23224|64919|84750|431707,EZH2|FYN|NEUROD1|ROBO1|SRC|SRF|WNT7A|WNT2B|ZIC1|NUMB|FEZ1|ATF5|SYNE2|BCL11B|FUT10|LHX8,-2.4,genes
GO Biological Processes,19,GO:0061564,axon development,19_GO:0032502 developmental process,-5.1,3.8,5.8,30244,408,316,16,5.1,1.2,1009|1908|2051|2534|4099|4760|5588|6091|6722|7476|8408|8650|9638|10154|64221|64919,CDH11|EDN3|EPHB6|FYN|MAG|NEUROD1|PRKCQ|ROBO1|SRF|WNT7A|ULK1|NUMB|FEZ1|PLXNC1|ROBO3|BCL11B,-2.3,genes
GO Biological Processes,19,GO:0032940,secretion by cell,19_GO:0051179 localization,-5.1,3.7,5.7,30244,410,316,16,5.1,1.2,1393|1908|2054|2912|4760|4818|7476|8013|9751|11255|23513|55823|112476|140730|143425|388552,CRHBP|EDN3|STX2|GRM2|NEUROD1|NKG7|WNT7A|NR4A3|SNPH|HRH3|SCRIB|VPS11|PRRT2|RIMS4|SYT9|BLOC1S3,-2.3,genes
GO Biological Processes,19,GO:0048667,cell morphogenesis involved in neuron differentiation,19_GO:0032502 developmental process,-4.9,3.6,5.6,30244,423,316,16,5.1,1.2,1009|1908|2051|2534|4205|5588|6091|6722|7476|8408|8650|9638|10154|23513|64221|64919,CDH11|EDN3|EPHB6|FYN|MEF2A|PRKCQ|ROBO1|SRF|WNT7A|ULK1|NUMB|FEZ1|PLXNC1|SCRIB|ROBO3|BCL11B,-2.2,genes
GO Biological Processes,19,GO:0051640,organelle localization,19_GO:0051179 localization,-4.9,3.3,5.4,30244,524,316,18,5.7,1.3,2054|4205|5664|5870|7534|7942|8013|9371|9638|9751|10228|22920|23224|23513|55823|84327|91782|388552,STX2|MEF2A|PSEN2|RAB6A|YWHAZ|TFEB|NR4A3|KIF3B|FEZ1|SNPH|STX6|KIFAP3|SYNE2|SCRIB|VPS11|ZBED3|CHMP7|BLOC1S3,-2.2,genes
GO Biological Processes,19,GO:0006468,protein phosphorylation,19_GO:0008152 metabolic process,-4.8,2.9,5.2,30244,692,316,21,6.6,1.4,94|2051|2242|2534|2868|4233|4916|5156|5163|5164|5588|6196|6482|6714|7049|7534|8408|8575|8999|23012|57118,ACVRL1|EPHB6|FES|FYN|GRK4|MET|NTRK3|PDGFRA|PDK1|PDK2|PRKCQ|RPS6KA2|ST3GAL1|SRC|TGFBR3|YWHAZ|ULK1|PRKRA|CDKL2|STK38L|CAMK1D,-2.1,genes
GO Biological Processes,19,GO:0000902,cell morphogenesis,19_GO:0032502 developmental process,-4.7,2.9,5.1,30244,651,316,20,6.3,1.4,1009|1012|1908|2051|2534|3988|4205|4233|5588|6091|6722|7476|8408|8650|9638|10154|23513|64221|64919|168002,CDH11|CDH13|EDN3|EPHB6|FYN|LIPA|MEF2A|MET|PRKCQ|ROBO1|SRF|WNT7A|ULK1|NUMB|FEZ1|PLXNC1|SCRIB|ROBO3|BCL11B|DACT2,-2,genes
GO Biological Processes,19,GO:0045055,regulated exocytosis,19_GO:0051179 localization,-4.7,6,6.2,30244,144,316,9,2.8,0.94,1393|2054|4818|8013|9751|23513|112476|140730|143425,CRHBP|STX2|NKG7|NR4A3|SNPH|SCRIB|PRRT2|RIMS4|SYT9,-2,genes
GO Biological Processes,19,GO:0007409,axonogenesis,19_GO:0032502 developmental process,-4.6,3.8,5.4,30244,352,316,14,4.4,1.2,1009|1908|2051|2534|5588|6091|6722|7476|8408|8650|9638|10154|64221|64919,CDH11|EDN3|EPHB6|FYN|PRKCQ|ROBO1|SRF|WNT7A|ULK1|NUMB|FEZ1|PLXNC1|ROBO3|BCL11B,-1.9,genes
GO Biological Processes,19,GO:0023061,signal release,19_GO:0051179 localization,-4.6,5.2,5.9,30244,185,316,10,3.2,0.98,1908|2054|4760|7476|9751|11255|23513|112476|140730|143425,EDN3|STX2|NEUROD1|WNT7A|SNPH|HRH3|SCRIB|PRRT2|RIMS4|SYT9,-1.9,genes
GO Biological Processes,19,GO:0031669,cellular response to nutrient levels,19_GO:0050896 response to stimulus,-4.5,4.7,5.7,30244,226,316,11,3.5,1,1981|2242|5164|5465|6722|7482|7942|8408|51085|57535|79109,EIF4G1|FES|PDK2|PPARA|SRF|WNT2B|TFEB|ULK1|MLXIPL|ELAPOR1|MAPKAP1,-1.9,genes
GO Biological Processes,19,GO:0006935,chemotaxis,19_GO:0040011 locomotion,-4.5,3.2,5.1,30244,510,316,17,5.4,1.3,1908|2051|2242|2534|3148|4233|5156|5329|5588|6091|9638|10154|23513|23765|57175|64221|64919,EDN3|EPHB6|FES|FYN|HMGB2|MET|PDGFRA|PLAUR|PRKCQ|ROBO1|FEZ1|PLXNC1|SCRIB|IL17RA|CORO1B|ROBO3|BCL11B,-1.9,genes
GO Biological Processes,19,GO:0099003,vesicle-mediated transport in synapse,19_GO:0051179 localization,-4.5,5.7,6,30244,151,316,9,2.8,0.94,160|534|2054|7476|9751|23513|112476|140730|143425,AP2A1|ATP6V1G2|STX2|WNT7A|SNPH|SCRIB|PRRT2|RIMS4|SYT9,-1.9,genes
GO Biological Processes,19,GO:0042330,taxis,19_GO:0040011 locomotion,-4.5,3.2,5.1,30244,512,316,17,5.4,1.3,1908|2051|2242|2534|3148|4233|5156|5329|5588|6091|9638|10154|23513|23765|57175|64221|64919,EDN3|EPHB6|FES|FYN|HMGB2|MET|PDGFRA|PLAUR|PRKCQ|ROBO1|FEZ1|PLXNC1|SCRIB|IL17RA|CORO1B|ROBO3|BCL11B,-1.9,genes
GO Biological Processes,19,GO:2000394,positive regulation of lamellipodium morphogenesis,19_GO:0032502 developmental process,-4.4,41,11,30244,7,316,3,0.95,0.55,6239|6714|57175,RREB1|SRC|CORO1B,-1.8,genes
GO Biological Processes,19,GO:0140352,export from cell,19_GO:0051179 localization,-4.4,3.2,5,30244,472,316,16,5.1,1.2,1393|1908|2054|2912|4760|4818|7476|8013|9751|11255|23513|55823|112476|140730|143425|388552,CRHBP|EDN3|STX2|GRM2|NEUROD1|NKG7|WNT7A|NR4A3|SNPH|HRH3|SCRIB|VPS11|PRRT2|RIMS4|SYT9|BLOC1S3,-1.8,genes
GO Biological Processes,19,GO:0016079,synaptic vesicle exocytosis,19_GO:0051179 localization,-4.3,9.3,6.7,30244,62,316,6,1.9,0.77,2054|9751|23513|112476|140730|143425,STX2|SNPH|SCRIB|PRRT2|RIMS4|SYT9,-1.7,genes
GO Biological Processes,19,GO:0040011,locomotion,19_GO:0040011 locomotion,-4.3,3.1,4.9,30244,530,316,17,5.4,1.3,1908|2051|2242|2534|3148|4233|5156|5329|5588|6091|9638|10154|23513|23765|57175|64221|64919,EDN3|EPHB6|FES|FYN|HMGB2|MET|PDGFRA|PLAUR|PRKCQ|ROBO1|FEZ1|PLXNC1|SCRIB|IL17RA|CORO1B|ROBO3|BCL11B,-1.7,genes
GO Biological Processes,19,GO:0022604,regulation of cell morphogenesis,19_GO:0032502 developmental process,-4.2,4.3,5.3,30244,246,316,11,3.5,1,960|1523|1729|2242|2534|6239|6714|10154|11135|29780|57175,CD44|CUX1|DIAPH1|FES|FYN|RREB1|SRC|PLXNC1|CDC42EP1|PARVB|CORO1B,-1.6,genes
GO Biological Processes,19,GO:0048880,sensory system development,19_GO:0032502 developmental process,-4.2,3.5,5,30244,387,316,14,4.4,1.2,94|1289|4094|4760|5156|6722|7111|7476|7482|7837|7855|64919|124842|388552,ACVRL1|COL5A1|MAF|NEUROD1|PDGFRA|SRF|TMOD1|WNT7A|WNT2B|PXDN|FZD5|BCL11B|TMEM132E|BLOC1S3,-1.6,genes
GO Biological Processes,19,GO:0098664,G protein-coupled serotonin receptor signaling pathway,19_GO:0050896 response to stimulus,-4.1,17,7.7,30244,23,316,4,1.3,0.63,1128|3350|3360|11255,CHRM1|HTR1A|HTR4|HRH3,-1.5,genes
GO Biological Processes,19,GO:0031668,cellular response to extracellular stimulus,19_GO:0050896 response to stimulus,-4,4.1,5.1,30244,257,316,11,3.5,1,1981|2242|5164|5465|6722|7482|7942|8408|51085|57535|79109,EIF4G1|FES|PDK2|PPARA|SRF|WNT2B|TFEB|ULK1|MLXIPL|ELAPOR1|MAPKAP1,-1.5,genes
GO Biological Processes,19,GO:0009725,response to hormone,19_GO:0050896 response to stimulus,-4,2.6,4.5,30244,788,316,21,6.6,1.4,694|1393|1728|2885|3148|4821|4916|5066|5164|5465|6714|6722|7049|7079|7476|7532|7849|8013|8202|51094|84327,BTG1|CRHBP|NQO1|GRB2|HMGB2|NKX2-2|NTRK3|PAM|PDK2|PPARA|SRC|SRF|TGFBR3|TIMP4|WNT7A|YWHAG|PAX8|NR4A3|NCOA3|ADIPOR1|ZBED3,-1.5,genes
GO Biological Processes,19,GO:0007507,heart development,19_GO:0032502 developmental process,-4,2.9,4.7,30244,562,316,17,5.4,1.3,94|1009|1289|1396|2242|4205|4916|5066|5156|5465|6091|6196|6722|7049|7849|51668|221496,ACVRL1|CDH11|COL5A1|CRIP1|FES|MEF2A|NTRK3|PAM|PDGFRA|PPARA|ROBO1|RPS6KA2|SRF|TGFBR3|PAX8|IFT25|LEMD2,-1.5,genes
GO Biological Processes,19,GO:0070233,negative regulation of T cell apoptotic process,19_GO:0048519 negative regulation of biological process,-4,16,7.5,30244,24,316,4,1.3,0.63,5588|6482|22920|64919,PRKCQ|ST3GAL1|KIFAP3|BCL11B,-1.5,genes
GO Biological Processes,19,GO:0036120,cellular response to platelet-derived growth factor stimulus,19_GO:0050896 response to stimulus,-4,16,7.5,30244,24,316,4,1.3,0.63,2534|6714|57175|92154,FYN|SRC|CORO1B|MTSS2,-1.5,genes
GO Biological Processes,19,GO:0030855,epithelial cell differentiation,19_GO:0032502 developmental process,-4,2.8,4.6,30244,620,316,18,5.7,1.3,94|2146|3189|3988|4094|4233|4760|4821|6714|7111|7476|7849|7855|23513|56647|64919|124842|168002,ACVRL1|EZH2|HNRNPH3|LIPA|MAF|MET|NEUROD1|NKX2-2|SRC|TMOD1|WNT7A|PAX8|FZD5|SCRIB|BCCIP|BCL11B|TMEM132E|DACT2,-1.5,genes
GO Biological Processes,19,GO:0043583,ear development,19_GO:0032502 developmental process,-4,4.4,5.1,30244,219,316,10,3.2,0.98,1052|4094|4760|4916|5396|7545|7849|8575|10194|23513,CEBPD|MAF|NEUROD1|NTRK3|PRRX1|ZIC1|PAX8|PRKRA|TSHZ1|SCRIB,-1.5,genes
GO Biological Processes,19,GO:0099504,synaptic vesicle cycle,19_GO:0051179 localization,-3.9,5.4,5.4,30244,141,316,8,2.5,0.88,534|2054|7476|9751|23513|112476|140730|143425,ATP6V1G2|STX2|WNT7A|SNPH|SCRIB|PRRT2|RIMS4|SYT9,-1.4,genes
GO Biological Processes,19,GO:0001568,blood vessel development,19_GO:0032502 developmental process,-3.9,3,4.6,30244,517,316,16,5.1,1.2,94|1012|1289|2307|3988|4883|5156|5396|6091|6722|7049|7476|7534|7837|7855|25976,ACVRL1|CDH13|COL5A1|FOXS1|LIPA|NPR3|PDGFRA|PRRX1|ROBO1|SRF|TGFBR3|WNT7A|YWHAZ|PXDN|FZD5|TIPARP,-1.4,genes
GO Biological Processes,19,GO:0048812,neuron projection morphogenesis,19_GO:0032502 developmental process,-3.9,3.1,4.7,30244,464,316,15,4.7,1.2,1009|1908|2051|2534|4205|5588|6091|6722|7476|8408|8650|9638|10154|64221|64919,CDH11|EDN3|EPHB6|FYN|MEF2A|PRKCQ|ROBO1|SRF|WNT7A|ULK1|NUMB|FEZ1|PLXNC1|ROBO3|BCL11B,-1.4,genes
GO Biological Processes,19,GO:0008333,endosome to lysosome transport,19_GO:0051179 localization,-3.9,7.8,6,30244,74,316,6,1.9,0.77,3988|10368|51361|55823|79156|91782,LIPA|CACNG3|HOOK1|VPS11|PLEKHF1|CHMP7,-1.4,genes
GO Biological Processes,19,GO:0051493,regulation of cytoskeleton organization,19_GO:0050789 regulation of biological process,-3.9,3,4.6,30244,519,316,16,5.1,1.2,1729|2242|2885|4233|5066|5156|6050|7111|10382|11135|23406|24139|57175|80115|91782|128272,DIAPH1|FES|GRB2|MET|PAM|PDGFRA|RNH1|TMOD1|TUBB4A|CDC42EP1|COTL1|EML2|CORO1B|BAIAP2L2|CHMP7|ARHGEF19,-1.4,genes
GO Biological Processes,19,GO:0043254,regulation of protein-containing complex assembly,19_GO:0050789 regulation of biological process,-3.9,3.2,4.7,30244,415,316,14,4.4,1.2,1981|2242|2885|4233|6714|7111|8408|10382|11135|23406|24139|55823|80115|112476,EIF4G1|FES|GRB2|MET|SRC|TMOD1|ULK1|TUBB4A|CDC42EP1|COTL1|EML2|VPS11|BAIAP2L2|PRRT2,-1.4,genes
GO Biological Processes,19,GO:0120039,plasma membrane bounded cell projection morphogenesis,19_GO:0032502 developmental process,-3.9,3.1,4.6,30244,469,316,15,4.7,1.2,1009|1908|2051|2534|4205|5588|6091|6722|7476|8408|8650|9638|10154|64221|64919,CDH11|EDN3|EPHB6|FYN|MEF2A|PRKCQ|ROBO1|SRF|WNT7A|ULK1|NUMB|FEZ1|PLXNC1|ROBO3|BCL11B,-1.4,genes
GO Biological Processes,19,GO:0036119,response to platelet-derived growth factor,19_GO:0050896 response to stimulus,-3.8,15,7.2,30244,26,316,4,1.3,0.63,2534|6714|57175|92154,FYN|SRC|CORO1B|MTSS2,-1.4,genes
GO Biological Processes,19,GO:2000249,regulation of actin cytoskeleton reorganization,19_GO:0050789 regulation of biological process,-3.8,15,7.2,30244,26,316,4,1.3,0.63,2242|5156|6050|80115,FES|PDGFRA|RNH1|BAIAP2L2,-1.4,genes
GO Biological Processes,19,GO:0031667,response to nutrient levels,19_GO:0050896 response to stimulus,-3.8,3,4.6,30244,471,316,15,4.7,1.2,1728|1981|2242|3360|3988|5164|5465|6714|6722|7482|7942|8408|51085|57535|79109,NQO1|EIF4G1|FES|HTR4|LIPA|PDK2|PPARA|SRC|SRF|WNT2B|TFEB|ULK1|MLXIPL|ELAPOR1|MAPKAP1,-1.4,genes
GO Biological Processes,19,GO:0046649,lymphocyte activation,19_GO:0002376 immune system process,-3.8,3,4.6,30244,471,316,15,4.7,1.2,960|1503|2146|2534|3956|3988|4818|5588|6482|6722|7855|11334|23513|64919|83593,CD44|CTPS1|EZH2|FYN|LGALS1|LIPA|NKG7|PRKCQ|ST3GAL1|SRF|FZD5|TUSC2|SCRIB|BCL11B|RASSF5,-1.4,genes
GO Biological Processes,19,GO:0048858,cell projection morphogenesis,19_GO:0032502 developmental process,-3.8,3,4.6,30244,474,316,15,4.7,1.2,1009|1908|2051|2534|4205|5588|6091|6722|7476|8408|8650|9638|10154|64221|64919,CDH11|EDN3|EPHB6|FYN|MEF2A|PRKCQ|ROBO1|SRF|WNT7A|ULK1|NUMB|FEZ1|PLXNC1|ROBO3|BCL11B,-1.4,genes
GO Biological Processes,19,GO:0034599,cellular response to oxidative stress,19_GO:0050896 response to stimulus,-3.8,4.2,4.9,30244,230,316,10,3.2,0.98,1728|2054|2146|2534|5156|5163|5164|6714|8575|55290,NQO1|STX2|EZH2|FYN|PDGFRA|PDK1|PDK2|SRC|PRKRA|BRF2,-1.4,genes
GO Biological Processes,19,GO:0071496,cellular response to external stimulus,19_GO:0050896 response to stimulus,-3.8,3.6,4.7,30244,323,316,12,3.8,1.1,1981|2242|4099|5164|5465|6722|7482|7942|8408|51085|57535|79109,EIF4G1|FES|MAG|PDK2|PPARA|SRF|WNT2B|TFEB|ULK1|MLXIPL|ELAPOR1|MAPKAP1,-1.4,genes
GO Biological Processes,19,GO:0021537,telencephalon development,19_GO:0032502 developmental process,-3.8,3.8,4.8,30244,276,316,11,3.5,1,2146|4760|6091|6722|7545|8650|9638|22809|23224|64919|84750,EZH2|NEUROD1|ROBO1|SRF|ZIC1|NUMB|FEZ1|ATF5|SYNE2|BCL11B|FUT10,-1.4,genes
GO Biological Processes,19,GO:0001944,vasculature development,19_GO:0032502 developmental process,-3.7,2.9,4.5,30244,536,316,16,5.1,1.2,94|1012|1289|2307|3988|4883|5156|5396|6091|6722|7049|7476|7534|7837|7855|25976,ACVRL1|CDH13|COL5A1|FOXS1|LIPA|NPR3|PDGFRA|PRRX1|ROBO1|SRF|TGFBR3|WNT7A|YWHAZ|PXDN|FZD5|TIPARP,-1.4,genes
GO Biological Processes,19,GO:0001654,eye development,19_GO:0032502 developmental process,-3.7,3.3,4.6,30244,377,316,13,4.1,1.1,94|1289|4094|4760|5156|6722|7111|7476|7482|7837|7855|64919|388552,ACVRL1|COL5A1|MAF|NEUROD1|PDGFRA|SRF|TMOD1|WNT7A|WNT2B|PXDN|FZD5|BCL11B|BLOC1S3,-1.4,genes
GO Biological Processes,19,GO:0002011,morphogenesis of an epithelial sheet,19_GO:0032502 developmental process,-3.7,9.4,6.2,30244,51,316,5,1.6,0.7,94|960|1289|6722|7476,ACVRL1|CD44|COL5A1|SRF|WNT7A,-1.4,genes
GO Biological Processes,19,GO:0045321,leukocyte activation,19_GO:0002376 immune system process,-3.7,2.7,4.4,30244,594,316,17,5.4,1.3,960|1503|2146|2534|3460|3956|3988|4818|5588|6482|6722|7855|8013|11334|23513|64919|83593,CD44|CTPS1|EZH2|FYN|IFNGR2|LGALS1|LIPA|NKG7|PRKCQ|ST3GAL1|SRF|FZD5|NR4A3|TUSC2|SCRIB|BCL11B|RASSF5,-1.4,genes
GO Biological Processes,19,GO:0007210,serotonin receptor signaling pathway,19_GO:0050896 response to stimulus,-3.7,14,6.9,30244,28,316,4,1.3,0.63,1128|3350|3360|11255,CHRM1|HTR1A|HTR4|HRH3,-1.4,genes
GO Biological Processes,19,GO:0044319,"wound healing, spreading of cells",19_GO:0032502 developmental process,-3.7,14,6.9,30244,28,316,4,1.3,0.63,94|960|1289|7476,ACVRL1|CD44|COL5A1|WNT7A,-1.4,genes
GO Biological Processes,19,GO:0090505,epiboly involved in wound healing,19_GO:0032502 developmental process,-3.7,14,6.9,30244,28,316,4,1.3,0.63,94|960|1289|7476,ACVRL1|CD44|COL5A1|WNT7A,-1.4,genes
GO Biological Processes,19,GO:0006887,exocytosis,19_GO:0051179 localization,-3.7,4.1,4.9,30244,235,316,10,3.2,0.98,1393|2054|4818|8013|9751|23513|55823|112476|140730|143425,CRHBP|STX2|NKG7|NR4A3|SNPH|SCRIB|VPS11|PRRT2|RIMS4|SYT9,-1.4,genes
GO Biological Processes,19,GO:0150063,visual system development,19_GO:0032502 developmental process,-3.7,3.3,4.6,30244,381,316,13,4.1,1.1,94|1289|4094|4760|5156|6722|7111|7476|7482|7837|7855|64919|388552,ACVRL1|COL5A1|MAF|NEUROD1|PDGFRA|SRF|TMOD1|WNT7A|WNT2B|PXDN|FZD5|BCL11B|BLOC1S3,-1.4,genes
GO Biological Processes,19,GO:0010927,cellular component assembly involved in morphogenesis,19_GO:0032502 developmental process,-3.7,5.8,5.3,30244,115,316,7,2.2,0.83,2318|4099|4205|5156|5376|6722|7111,FLNC|MAG|MEF2A|PDGFRA|PMP22|SRF|TMOD1,-1.4,genes
GO Biological Processes,19,GO:0090504,epiboly,19_GO:0032502 developmental process,-3.6,13,6.8,30244,29,316,4,1.3,0.63,94|960|1289|7476,ACVRL1|CD44|COL5A1|WNT7A,-1.3,genes
GO Biological Processes,19,GO:0032271,regulation of protein polymerization,19_GO:0050789 regulation of biological process,-3.6,4.4,4.9,30244,197,316,9,2.8,0.94,2242|2885|4233|7111|10382|11135|23406|24139|80115,FES|GRB2|MET|TMOD1|TUBB4A|CDC42EP1|COTL1|EML2|BAIAP2L2,-1.3,genes
GO Biological Processes,19,GO:0032990,cell part morphogenesis,19_GO:0032502 developmental process,-3.6,2.9,4.4,30244,494,316,15,4.7,1.2,1009|1908|2051|2534|4205|5588|6091|6722|7476|8408|8650|9638|10154|64221|64919,CDH11|EDN3|EPHB6|FYN|MEF2A|PRKCQ|ROBO1|SRF|WNT7A|ULK1|NUMB|FEZ1|PLXNC1|ROBO3|BCL11B,-1.3,genes
GO Biological Processes,19,GO:0050767,regulation of neurogenesis,19_GO:0032502 developmental process,-3.6,3.2,4.5,30244,390,316,13,4.1,1.1,1523|2146|3148|4099|4821|4916|6091|6722|7476|8408|8650|10154|22920,CUX1|EZH2|HMGB2|MAG|NKX2-2|NTRK3|ROBO1|SRF|WNT7A|ULK1|NUMB|PLXNC1|KIFAP3,-1.3,genes
GO Biological Processes,19,GO:0010256,endomembrane system organization,19_GO:0009987 cellular process,-3.6,2.8,4.3,30244,554,316,16,5.1,1.2,1289|2054|7534|8560|10228|25923|51361|55823|79156|80115|84327|91782|92154|112476|221496|388552,COL5A1|STX2|YWHAZ|DEGS1|STX6|ATL3|HOOK1|VPS11|PLEKHF1|BAIAP2L2|ZBED3|CHMP7|MTSS2|PRRT2|LEMD2|BLOC1S3,-1.3,genes
GO Biological Processes,19,GO:0032355,response to estradiol,19_GO:0050896 response to stimulus,-3.6,5.6,5.2,30244,120,316,7,2.2,0.83,1393|1728|2146|4324|5066|7476|8202,CRHBP|NQO1|EZH2|MMP15|PAM|WNT7A|NCOA3,-1.3,genes
GO Biological Processes,19,GO:0009991,response to extracellular stimulus,19_GO:0050896 response to stimulus,-3.5,2.9,4.3,30244,501,316,15,4.7,1.2,1728|1981|2242|3360|3988|5164|5465|6714|6722|7482|7942|8408|51085|57535|79109,NQO1|EIF4G1|FES|HTR4|LIPA|PDK2|PPARA|SRC|SRF|WNT2B|TFEB|ULK1|MLXIPL|ELAPOR1|MAPKAP1,-1.3,genes
GO Biological Processes,19,GO:0035313,"wound healing, spreading of epidermal cells",19_GO:0032502 developmental process,-3.5,22,7.8,30244,13,316,3,0.95,0.55,94|1289|7476,ACVRL1|COL5A1|WNT7A,-1.3,genes
GO Biological Processes,19,GO:0032956,regulation of actin cytoskeleton organization,19_GO:0050789 regulation of biological process,-3.5,3.3,4.4,30244,347,316,12,3.8,1.1,2242|2885|4233|5066|5156|6050|7111|11135|23406|57175|80115|128272,FES|GRB2|MET|PAM|PDGFRA|RNH1|TMOD1|CDC42EP1|COTL1|CORO1B|BAIAP2L2|ARHGEF19,-1.2,genes
GO Biological Processes,19,GO:0030705,cytoskeleton-dependent intracellular transport,19_GO:0051179 localization,-3.5,4.2,4.7,30244,205,316,9,2.8,0.94,5870|8655|9371|10376|22920|23224|51361|51668|388552,RAB6A|DYNLL1|KIF3B|TUBA1B|KIFAP3|SYNE2|HOOK1|IFT25|BLOC1S3,-1.2,genes
GO Biological Processes,19,GO:0010638,positive regulation of organelle organization,19_GO:0048518 positive regulation of biological process,-3.5,2.8,4.3,30244,508,316,15,4.7,1.2,1908|2242|2885|4233|5329|5588|6714|8408|11135|25923|51375|51434|57535|80115|143425,EDN3|FES|GRB2|MET|PLAUR|PRKCQ|SRC|ULK1|CDC42EP1|ATL3|SNX7|ANAPC7|ELAPOR1|BAIAP2L2|SYT9,-1.2,genes
GO Biological Processes,19,GO:0010506,regulation of autophagy,19_GO:0008152 metabolic process,-3.4,3.3,4.4,30244,351,316,12,3.8,1.1,534|1981|4233|7855|7942|8408|9638|10868|23012|51375|57535|79156,ATP6V1G2|EIF4G1|MET|FZD5|TFEB|ULK1|FEZ1|USP20|STK38L|SNX7|ELAPOR1|PLEKHF1,-1.2,genes
GO Biological Processes,19,GO:0042476,odontogenesis,19_GO:0032502 developmental process,-3.4,5.3,5,30244,126,316,7,2.2,0.83,5066|5156|5465|6714|6786|64919|431707,PAM|PDGFRA|PPARA|SRC|STIM1|BCL11B|LHX8,-1.2,genes
GO Biological Processes,19,GO:0021772,olfactory bulb development,19_GO:0032502 developmental process,-3.4,12,6.3,30244,33,316,4,1.3,0.63,6091|6722|7545|22809,ROBO1|SRF|ZIC1|ATF5,-1.2,genes
GO Biological Processes,19,GO:0060021,roof of mouth development,19_GO:0032502 developmental process,-3.4,6.3,5.2,30244,91,316,6,1.9,0.77,5156|5396|7049|7476|10194|25976,PDGFRA|PRRX1|TGFBR3|WNT7A|TSHZ1|TIPARP,-1.2,genes
GO Biological Processes,19,GO:0048598,embryonic morphogenesis,19_GO:0032502 developmental process,-3.3,2.6,4.1,30244,582,316,16,5.1,1.2,1844|2885|4324|4760|5156|5396|6722|7476|7545|7849|7855|8013|8575|10194|23513|55614,DUSP2|GRB2|MMP15|NEUROD1|PDGFRA|PRRX1|SRF|WNT7A|ZIC1|PAX8|FZD5|NR4A3|PRKRA|TSHZ1|SCRIB|KIF16B,-1.1,genes
GO Biological Processes,19,GO:0021988,olfactory lobe development,19_GO:0032502 developmental process,-3.3,11,6,30244,35,316,4,1.3,0.63,6091|6722|7545|22809,ROBO1|SRF|ZIC1|ATF5,-1.1,genes
GO Biological Processes,19,GO:0031670,cellular response to nutrient,19_GO:0050896 response to stimulus,-3.3,11,6,30244,35,316,4,1.3,0.63,2242|5164|6722|51085,FES|PDK2|SRF|MLXIPL,-1.1,genes
GO Biological Processes,19,GO:0030239,myofibril assembly,19_GO:0032502 developmental process,-3.3,7.5,5.3,30244,64,316,5,1.6,0.7,2318|4205|5156|6722|7111,FLNC|MEF2A|PDGFRA|SRF|TMOD1,-1,genes
GO Biological Processes,19,GO:0097485,neuron projection guidance,19_GO:0040011 locomotion,-3.2,3.9,4.4,30244,221,316,9,2.8,0.94,1908|2051|2534|5588|6091|9638|10154|64221|64919,EDN3|EPHB6|FYN|PRKCQ|ROBO1|FEZ1|PLXNC1|ROBO3|BCL11B,-1,genes
GO Biological Processes,19,GO:0007411,axon guidance,19_GO:0040011 locomotion,-3.2,3.9,4.4,30244,221,316,9,2.8,0.94,1908|2051|2534|5588|6091|9638|10154|64221|64919,EDN3|EPHB6|FYN|PRKCQ|ROBO1|FEZ1|PLXNC1|ROBO3|BCL11B,-1,genes
GO Biological Processes,19,GO:0098609,cell-cell adhesion,19_GO:0009987 cellular process,-3.2,2.7,4,30244,536,316,15,4.7,1.2,421|960|1009|1012|3956|4099|5156|6091|6714|6722|11135|23513|51148|64221|342035,ARVCF|CD44|CDH11|CDH13|LGALS1|MAG|PDGFRA|ROBO1|SRC|SRF|CDC42EP1|SCRIB|CERCAM|ROBO3|GLDN,-1,genes
GO Biological Processes,19,GO:0055002,striated muscle cell development,19_GO:0032502 developmental process,-3.2,7.4,5.3,30244,65,316,5,1.6,0.7,2318|4205|5156|6722|7111,FLNC|MEF2A|PDGFRA|SRF|TMOD1,-1,genes
GO Biological Processes,19,GO:0071417,cellular response to organonitrogen compound,19_GO:0050896 response to stimulus,-3.2,2.6,4,30244,596,316,16,5.1,1.2,641|1128|1393|1729|2146|2534|2885|3350|3360|5156|5164|6714|7532|8013|11255|90933,BLM|CHRM1|CRHBP|DIAPH1|EZH2|FYN|GRB2|HTR1A|HTR4|PDGFRA|PDK2|SRC|YWHAG|NR4A3|HRH3|TRIM41,-1,genes
GO Biological Processes,19,GO:0032103,positive regulation of response to external stimulus,19_GO:0048518 positive regulation of biological process,-3.2,2.7,4,30244,538,316,15,4.7,1.2,1012|1908|2534|3134|3148|3956|4233|4818|4916|6714|23180|23765|57118|90933|283131,CDH13|EDN3|FYN|HLA-F|HMGB2|LGALS1|MET|NKG7|NTRK3|SRC|RFTN1|IL17RA|CAMK1D|TRIM41|NEAT1,-1,genes
GO Biological Processes,19,GO:0006979,response to oxidative stress,19_GO:0050896 response to stimulus,-3.2,3.1,4.1,30244,375,316,12,3.8,1.1,694|1728|2054|2146|2534|5156|5163|5164|6714|7837|8575|55290,BTG1|NQO1|STX2|EZH2|FYN|PDGFRA|PDK1|PDK2|SRC|PXDN|PRKRA|BRF2,-1,genes
GO Biological Processes,19,GO:0019217,regulation of fatty acid metabolic process,19_GO:0008152 metabolic process,-3.2,5.7,4.9,30244,100,316,6,1.9,0.77,33|5163|5164|5465|8013|51085,ACADL|PDK1|PDK2|PPARA|NR4A3|MLXIPL,-1,genes
GO Biological Processes,19,GO:0070229,negative regulation of lymphocyte apoptotic process,19_GO:0048519 negative regulation of biological process,-3.2,10,5.8,30244,38,316,4,1.3,0.63,5588|6482|22920|64919,PRKCQ|ST3GAL1|KIFAP3|BCL11B,-1,genes
GO Biological Processes,19,GO:0048514,blood vessel morphogenesis,19_GO:0032502 developmental process,-3.2,2.9,4.1,30244,430,316,13,4.1,1.1,94|1012|4883|5156|5396|6091|6722|7049|7476|7534|7837|7855|25976,ACVRL1|CDH13|NPR3|PDGFRA|PRRX1|ROBO1|SRF|TGFBR3|WNT7A|YWHAZ|PXDN|FZD5|TIPARP,-1,genes
GO Biological Processes,19,GO:0008285,negative regulation of cell population proliferation,19_GO:0048519 negative regulation of biological process,-3.2,2.3,3.8,30244,787,316,19,6,1.3,94|694|1012|3159|4745|4883|5376|6091|6196|6722|7049|7855|8408|8575|22809|22920|23513|64919|83593,ACVRL1|BTG1|CDH13|HMGA1|NELL1|NPR3|PMP22|ROBO1|RPS6KA2|SRF|TGFBR3|FZD5|ULK1|PRKRA|ATF5|KIFAP3|SCRIB|BCL11B|RASSF5,-1,genes
GO Biological Processes,19,GO:0001501,skeletal system development,19_GO:0032502 developmental process,-3.1,2.7,4,30244,490,316,14,4.4,1.2,960|1009|3988|4883|5156|5396|6714|6722|7476|7482|8575|10655|25976|51668,CD44|CDH11|LIPA|NPR3|PDGFRA|PRRX1|SRC|SRF|WNT7A|WNT2B|PRKRA|DMRT2|TIPARP|IFT25,-0.99,genes
GO Biological Processes,19,GO:0070232,regulation of T cell apoptotic process,19_GO:0050789 regulation of biological process,-3.1,9.8,5.7,30244,39,316,4,1.3,0.63,5588|6482|22920|64919,PRKCQ|ST3GAL1|KIFAP3|BCL11B,-0.99,genes
GO Biological Processes,19,GO:0002064,epithelial cell development,19_GO:0032502 developmental process,-3.1,4.1,4.4,30244,185,316,8,2.5,0.88,4233|4821|6714|7111|7476|7855|64919|168002,MET|NKX2-2|SRC|TMOD1|WNT7A|FZD5|BCL11B|DACT2,-0.97,genes
GO Biological Processes,19,GO:0062197,cellular response to chemical stress,19_GO:0050896 response to stimulus,-3.1,3.4,4.2,30244,280,316,10,3.2,0.98,1728|2054|2146|2534|5156|5163|5164|6714|8575|55290,NQO1|STX2|EZH2|FYN|PDGFRA|PDK1|PDK2|SRC|PRKRA|BRF2,-0.97,genes
GO Biological Processes,19,GO:0140029,exocytic process,19_GO:0051179 localization,-3.1,6.9,5.1,30244,69,316,5,1.6,0.7,2054|9751|23513|55823|112476,STX2|SNPH|SCRIB|VPS11|PRRT2,-0.97,genes
GO Biological Processes,19,GO:0030858,positive regulation of epithelial cell differentiation,19_GO:0032502 developmental process,-3.1,6.9,5.1,30244,69,316,5,1.6,0.7,94|694|4821|7849|8202,ACVRL1|BTG1|NKX2-2|PAX8|NCOA3,-0.97,genes
GO Biological Processes,19,GO:0030097,hemopoiesis,19_GO:0032502 developmental process,-3.1,2.4,3.8,30244,672,316,17,5.4,1.3,1052|2146|3956|3988|4094|5156|6482|6714|6722|7049|7482|7855|11334|25976|64919|84750|168002,CEBPD|EZH2|LGALS1|LIPA|MAF|PDGFRA|ST3GAL1|SRC|SRF|TGFBR3|WNT2B|FZD5|TUSC2|TIPARP|BCL11B|FUT10|DACT2,-0.97,genes
GO Biological Processes,19,GO:0006109,regulation of carbohydrate metabolic process,19_GO:0008152 metabolic process,-3.1,4.1,4.4,30244,186,316,8,2.5,0.88,160|5163|5164|5465|6714|51085|51094|90673,AP2A1|PDK1|PDK2|PPARA|SRC|MLXIPL|ADIPOR1|PPP1R3E,-0.97,genes
GO Biological Processes,19,GO:0046112,nucleobase biosynthetic process,19_GO:0008152 metabolic process,-3.1,16,6.5,30244,18,316,3,0.95,0.55,1503|1723|10606,CTPS1|DHODH|PAICS,-0.96,genes
GO Biological Processes,19,GO:0055003,cardiac myofibril assembly,19_GO:0032502 developmental process,-3.1,16,6.5,30244,18,316,3,0.95,0.55,4205|5156|6722,MEF2A|PDGFRA|SRF,-0.96,genes
GO Biological Processes,19,GO:0010906,regulation of glucose metabolic process,19_GO:0008152 metabolic process,-3.1,5.5,4.7,30244,105,316,6,1.9,0.77,5163|5164|5465|6714|51094|90673,PDK1|PDK2|PPARA|SRC|ADIPOR1|PPP1R3E,-0.95,genes
GO Biological Processes,19,GO:0032970,regulation of actin filament-based process,19_GO:0050789 regulation of biological process,-3.1,3,4,30244,388,316,12,3.8,1.1,2242|2885|4233|5066|5156|6050|7111|11135|23406|57175|80115|128272,FES|GRB2|MET|PAM|PDGFRA|RNH1|TMOD1|CDC42EP1|COTL1|CORO1B|BAIAP2L2|ARHGEF19,-0.95,genes
GO Biological Processes,19,GO:0071407,cellular response to organic cyclic compound,19_GO:0050896 response to stimulus,-3.1,2.7,3.9,30244,500,316,14,4.4,1.2,641|1128|1393|1729|2146|2242|3350|3360|5465|6714|8013|8202|11255|25976,BLM|CHRM1|CRHBP|DIAPH1|EZH2|FES|HTR1A|HTR4|PPARA|SRC|NR4A3|NCOA3|HRH3|TIPARP,-0.95,genes
GO Biological Processes,19,GO:0035239,tube morphogenesis,19_GO:0032502 developmental process,-3.1,2.4,3.8,30244,679,316,17,5.4,1.3,94|1012|4233|4883|5156|5396|6091|6714|6722|7049|7476|7534|7837|7849|7855|23513|25976,ACVRL1|CDH13|MET|NPR3|PDGFRA|PRRX1|ROBO1|SRC|SRF|TGFBR3|WNT7A|YWHAZ|PXDN|PAX8|FZD5|SCRIB|TIPARP,-0.94,genes
GO Biological Processes,19,GO:0021543,pallium development,19_GO:0032502 developmental process,-3,4,4.3,30244,190,316,8,2.5,0.88,2146|4760|6091|6722|7545|9638|23224|84750,EZH2|NEUROD1|ROBO1|SRF|ZIC1|FEZ1|SYNE2|FUT10,-0.93,genes
GO Biological Processes,19,GO:0048839,inner ear development,19_GO:0032502 developmental process,-3,4,4.3,30244,191,316,8,2.5,0.88,1052|4094|4760|4916|5396|7545|7849|23513,CEBPD|MAF|NEUROD1|NTRK3|PRRX1|ZIC1|PAX8|SCRIB,-0.92,genes
GO Biological Processes,19,GO:2000786,positive regulation of autophagosome assembly,19_GO:0048518 positive regulation of biological process,-3,15,6.3,30244,19,316,3,0.95,0.55,8408|51375|57535,ULK1|SNX7|ELAPOR1,-0.91,genes
GO Biological Processes,19,GO:0097435,supramolecular fiber organization,19_GO:0009987 cellular process,-3,2.5,3.8,30244,569,316,15,4.7,1.2,1289|1729|2318|4205|5156|6714|6722|7111|7837|51361|57175|79095|80115|84327|201191,COL5A1|DIAPH1|FLNC|MEF2A|PDGFRA|SRC|SRF|TMOD1|PXDN|HOOK1|CORO1B|BBLN|BAIAP2L2|ZBED3|SAMD14,-0.88,genes
GO Biological Processes,19,GO:0048562,embryonic organ morphogenesis,19_GO:0032502 developmental process,-3,3.3,4,30244,292,316,10,3.2,0.98,4760|5156|5396|6722|7545|7849|7855|8575|10194|23513,NEUROD1|PDGFRA|PRRX1|SRF|ZIC1|PAX8|FZD5|PRKRA|TSHZ1|SCRIB,-0.88,genes
GO Biological Processes,19,GO:0042474,middle ear morphogenesis,19_GO:0032502 developmental process,-2.9,14,6.1,30244,20,316,3,0.95,0.55,5396|8575|10194,PRRX1|PRKRA|TSHZ1,-0.86,genes
GO Biological Processes,19,GO:0007193,adenylate cyclase-inhibiting G protein-coupled receptor signaling pathway,19_GO:0050896 response to stimulus,-2.9,6.4,4.8,30244,75,316,5,1.6,0.7,1128|2912|3350|4883|11255,CHRM1|GRM2|HTR1A|NPR3|HRH3,-0.86,genes
GO Biological Processes,19,GO:0045664,regulation of neuron differentiation,19_GO:0032502 developmental process,-2.9,3.9,4.2,30244,197,316,8,2.5,0.88,1981|4099|4760|4821|7532|64919|85446|147040,EIF4G1|MAG|NEUROD1|NKX2-2|YWHAG|BCL11B|ZFHX2|KCTD11,-0.86,genes
GO Biological Processes,19,GO:1901699,cellular response to nitrogen compound,19_GO:0050896 response to stimulus,-2.9,2.4,3.7,30244,635,316,16,5.1,1.2,641|1128|1393|1729|2146|2534|2885|3350|3360|5156|5164|6714|7532|8013|11255|90933,BLM|CHRM1|CRHBP|DIAPH1|EZH2|FYN|GRB2|HTR1A|HTR4|PDGFRA|PDK2|SRC|YWHAG|NR4A3|HRH3|TRIM41,-0.86,genes
GO Biological Processes,19,GO:1901652,response to peptide,19_GO:0050896 response to stimulus,-2.9,2.7,3.8,30244,459,316,13,4.1,1.1,694|1393|2534|2885|5164|5465|6714|7049|7079|7532|8013|84327|90933,BTG1|CRHBP|FYN|GRB2|PDK2|PPARA|SRC|TGFBR3|TIMP4|YWHAG|NR4A3|ZBED3|TRIM41,-0.85,genes
GO Biological Processes,19,GO:0006479,protein methylation,19_GO:0008152 metabolic process,-2.9,5.1,4.5,30244,113,316,6,1.9,0.77,694|2146|5870|54496|79447|80335,BTG1|EZH2|RAB6A|PRMT7|PAGR1|WDR82,-0.84,genes
GO Biological Processes,19,GO:0008213,protein alkylation,19_GO:0008152 metabolic process,-2.9,5.1,4.5,30244,113,316,6,1.9,0.77,694|2146|5870|54496|79447|80335,BTG1|EZH2|RAB6A|PRMT7|PAGR1|WDR82,-0.84,genes
GO Biological Processes,19,GO:2000785,regulation of autophagosome assembly,19_GO:0008152 metabolic process,-2.9,8.5,5.2,30244,45,316,4,1.3,0.63,8408|9638|51375|57535,ULK1|FEZ1|SNX7|ELAPOR1,-0.84,genes
GO Biological Processes,19,GO:0070848,response to growth factor,19_GO:0050896 response to stimulus,-2.9,2.6,3.7,30244,521,316,14,4.4,1.2,94|960|2534|2885|4916|5156|6714|7049|7476|9592|9638|55614|57175|92154,ACVRL1|CD44|FYN|GRB2|NTRK3|PDGFRA|SRC|TGFBR3|WNT7A|IER2|FEZ1|KIF16B|CORO1B|MTSS2,-0.83,genes
GO Biological Processes,19,GO:0006268,DNA unwinding involved in DNA replication,19_GO:0008152 metabolic process,-2.9,14,6,30244,21,316,3,0.95,0.55,641|3159|4172,BLM|HMGA1|MCM3,-0.82,genes
GO Biological Processes,19,GO:0031032,actomyosin structure organization,19_GO:0009987 cellular process,-2.9,5,4.4,30244,115,316,6,1.9,0.77,2318|4205|5156|6714|6722|7111,FLNC|MEF2A|PDGFRA|SRC|SRF|TMOD1,-0.82,genes
GO Biological Processes,19,GO:0010976,positive regulation of neuron projection development,19_GO:0032502 developmental process,-2.9,4.3,4.2,30244,157,316,7,2.2,0.83,2146|2242|2534|4916|5274|9638|57118,EZH2|FES|FYN|NTRK3|SERPINI1|FEZ1|CAMK1D,-0.81,genes
GO Biological Processes,19,GO:0051960,regulation of nervous system development,19_GO:0032502 developmental process,-2.8,2.7,3.7,30244,469,316,13,4.1,1.1,1523|2146|3148|4099|4821|4916|6091|6722|7476|8408|8650|10154|22920,CUX1|EZH2|HMGB2|MAG|NKX2-2|NTRK3|ROBO1|SRF|WNT7A|ULK1|NUMB|PLXNC1|KIFAP3,-0.79,genes
GO Biological Processes,19,GO:0140056,organelle localization by membrane tethering,19_GO:0051179 localization,-2.8,6.1,4.6,30244,79,316,5,1.6,0.7,2054|5664|9751|10228|55823,STX2|PSEN2|SNPH|STX6|VPS11,-0.79,genes
GO Biological Processes,19,GO:0097305,response to alcohol,19_GO:0050896 response to stimulus,-2.8,3.4,3.9,30244,253,316,9,2.8,0.94,641|1393|1728|1981|2534|3988|4916|5465|7049,BLM|CRHBP|NQO1|EIF4G1|FYN|LIPA|NTRK3|PPARA|TGFBR3,-0.79,genes
GO Biological Processes,19,GO:0043406,positive regulation of MAP kinase activity,19_GO:0048518 positive regulation of biological process,-2.8,4.9,4.4,30244,117,316,6,1.9,0.77,1908|2146|4916|6091|6714|7855,EDN3|EZH2|NTRK3|ROBO1|SRC|FZD5,-0.79,genes
GO Biological Processes,19,GO:0001919,regulation of receptor recycling,19_GO:0008152 metabolic process,-2.8,13,5.8,30244,22,316,3,0.95,0.55,23513|55614|125058,SCRIB|KIF16B|TBC1D16,-0.79,genes
GO Biological Processes,19,GO:0099111,microtubule-based transport,19_GO:0051179 localization,-2.8,3.7,4,30244,206,316,8,2.5,0.88,1770|5870|8655|9371|22920|23224|51668|388552,DNAH9|RAB6A|DYNLL1|KIF3B|KIFAP3|SYNE2|IFT25|BLOC1S3,-0.78,genes
GO Biological Processes,19,GO:0006351,DNA-templated transcription,19_GO:0008152 metabolic process,-2.8,2.4,3.6,30244,592,316,15,4.7,1.2,694|902|1052|3159|4094|4205|4760|5396|6239|6722|7849|11128|55290|64919|80335,BTG1|CCNH|CEBPD|HMGA1|MAF|MEF2A|NEUROD1|PRRX1|RREB1|SRF|PAX8|POLR3A|BRF2|BCL11B|WDR82,-0.78,genes
GO Biological Processes,19,GO:0097009,energy homeostasis,19_GO:0042592 homeostatic process,-2.8,8,5,30244,48,316,4,1.3,0.63,1981|3988|8013|51085,EIF4G1|LIPA|NR4A3|MLXIPL,-0.77,genes
GO Biological Processes,19,GO:0097659,nucleic acid-templated transcription,19_GO:0008152 metabolic process,-2.8,2.4,3.6,30244,594,316,15,4.7,1.2,694|902|1052|3159|4094|4205|4760|5396|6239|6722|7849|11128|55290|64919|80335,BTG1|CCNH|CEBPD|HMGA1|MAF|MEF2A|NEUROD1|PRRX1|RREB1|SRF|PAX8|POLR3A|BRF2|BCL11B|WDR82,-0.77,genes
GO Biological Processes,19,GO:0071870,cellular response to catecholamine stimulus,19_GO:0050896 response to stimulus,-2.8,5.9,4.5,30244,81,316,5,1.6,0.7,1128|3350|3360|8013|11255,CHRM1|HTR1A|HTR4|NR4A3|HRH3,-0.77,genes
GO Biological Processes,19,GO:0071868,cellular response to monoamine stimulus,19_GO:0050896 response to stimulus,-2.8,5.9,4.5,30244,81,316,5,1.6,0.7,1128|3350|3360|8013|11255,CHRM1|HTR1A|HTR4|NR4A3|HRH3,-0.77,genes
GO Biological Processes,19,GO:0051129,negative regulation of cellular component organization,19_GO:0048519 negative regulation of biological process,-2.8,2.3,3.5,30244,721,316,17,5.4,1.3,94|2534|4099|4233|5376|5780|5810|6196|6714|7025|7111|8408|9638|10382|24139|57175|112476,ACVRL1|FYN|MAG|MET|PMP22|PTPN9|RAD1|RPS6KA2|SRC|NR2F1|TMOD1|ULK1|FEZ1|TUBB4A|EML2|CORO1B|PRRT2,-0.76,genes
GO Biological Processes,19,GO:0001505,regulation of neurotransmitter levels,19_GO:0065007 biological regulation,-2.8,3.7,4,30244,209,316,8,2.5,0.88,2054|7476|9751|11255|23513|112476|140730|143425,STX2|WNT7A|SNPH|HRH3|SCRIB|PRRT2|RIMS4|SYT9,-0.76,genes
GO Biological Processes,19,GO:0042475,odontogenesis of dentin-containing tooth,19_GO:0032502 developmental process,-2.8,5.8,4.5,30244,82,316,5,1.6,0.7,5156|5465|6786|64919|431707,PDGFRA|PPARA|STIM1|BCL11B|LHX8,-0.76,genes
GO Biological Processes,19,GO:0002431,Fc receptor mediated stimulatory signaling pathway,19_GO:0002376 immune system process,-2.8,12,5.7,30244,23,316,3,0.95,0.55,2534|6714|8013,FYN|SRC|NR4A3,-0.76,genes
GO Biological Processes,19,GO:0048732,gland development,19_GO:0032502 developmental process,-2.8,2.7,3.7,30244,421,316,12,3.8,1.1,1396|2146|3988|4233|5066|5156|6714|6722|7049|7849|23513|64919,CRIP1|EZH2|LIPA|MET|PAM|PDGFRA|SRC|SRF|TGFBR3|PAX8|SCRIB|BCL11B,-0.76,genes
GO Biological Processes,19,GO:0042110,T cell activation,19_GO:0002376 immune system process,-2.8,3.1,3.8,30244,312,316,10,3.2,0.98,960|1503|2534|3988|4818|5588|6722|7855|23513|64919,CD44|CTPS1|FYN|LIPA|NKG7|PRKCQ|SRF|FZD5|SCRIB|BCL11B,-0.75,genes
GO Biological Processes,19,GO:0072384,organelle transport along microtubule,19_GO:0051179 localization,-2.7,5.8,4.5,30244,83,316,5,1.6,0.7,5870|9371|22920|23224|388552,RAB6A|KIF3B|KIFAP3|SYNE2|BLOC1S3,-0.75,genes
GO Biological Processes,19,GO:0010970,transport along microtubule,19_GO:0051179 localization,-2.7,4.1,4.1,30244,165,316,7,2.2,0.83,5870|8655|9371|22920|23224|51668|388552,RAB6A|DYNLL1|KIF3B|KIFAP3|SYNE2|IFT25|BLOC1S3,-0.75,genes
GO Biological Processes,19,GO:0048013,ephrin receptor signaling pathway,19_GO:0050896 response to stimulus,-2.7,7.7,4.8,30244,50,316,4,1.3,0.63,2051|2534|4916|6714,EPHB6|FYN|NTRK3|SRC,-0.74,genes
GO Biological Processes,19,GO:1902115,regulation of organelle assembly,19_GO:0050789 regulation of biological process,-2.7,3.6,3.9,30244,213,316,8,2.5,0.88,6714|8408|9638|23224|51375|55823|57535|91782,SRC|ULK1|FEZ1|SYNE2|SNX7|VPS11|ELAPOR1|CHMP7,-0.74,genes
GO Biological Processes,19,GO:0042471,ear morphogenesis,19_GO:0032502 developmental process,-2.7,4.7,4.2,30244,123,316,6,1.9,0.77,5396|7545|7849|8575|10194|23513,PRRX1|ZIC1|PAX8|PRKRA|TSHZ1|SCRIB,-0.74,genes
GO Biological Processes,19,GO:0071869,response to catecholamine,19_GO:0050896 response to stimulus,-2.7,5.7,4.4,30244,84,316,5,1.6,0.7,1128|3350|3360|8013|11255,CHRM1|HTR1A|HTR4|NR4A3|HRH3,-0.74,genes
GO Biological Processes,19,GO:0071867,response to monoamine,19_GO:0050896 response to stimulus,-2.7,5.7,4.4,30244,84,316,5,1.6,0.7,1128|3350|3360|8013|11255,CHRM1|HTR1A|HTR4|NR4A3|HRH3,-0.74,genes
GO Biological Processes,19,GO:0032774,RNA biosynthetic process,19_GO:0008152 metabolic process,-2.7,2.4,3.5,30244,605,316,15,4.7,1.2,694|902|1052|3159|4094|4205|4760|5396|6239|6722|7849|11128|55290|64919|80335,BTG1|CCNH|CEBPD|HMGA1|MAF|MEF2A|NEUROD1|PRRX1|RREB1|SRF|PAX8|POLR3A|BRF2|BCL11B|WDR82,-0.74,genes
GO Biological Processes,19,GO:0009410,response to xenobiotic stimulus,19_GO:0050896 response to stimulus,-2.7,2.7,3.6,30244,427,316,12,3.8,1.1,1393|1503|1728|3988|4659|4760|5066|6714|7079|55315|119391|388552,CRHBP|CTPS1|NQO1|LIPA|PPP1R12A|NEUROD1|PAM|SRC|TIMP4|SLC29A3|GSTO2|BLOC1S3,-0.74,genes
GO Biological Processes,19,GO:0044090,positive regulation of vacuole organization,19_GO:0048518 positive regulation of biological process,-2.7,12,5.5,30244,24,316,3,0.95,0.55,8408|51375|57535,ULK1|SNX7|ELAPOR1,-0.74,genes
GO Biological Processes,19,GO:0038093,Fc receptor signaling pathway,19_GO:0002376 immune system process,-2.7,7.5,4.8,30244,51,316,4,1.3,0.63,2534|5588|6714|8013,FYN|PRKCQ|SRC|NR4A3,-0.73,genes
GO Biological Processes,19,GO:0043434,response to peptide hormone,19_GO:0050896 response to stimulus,-2.7,2.8,3.6,30244,372,316,11,3.5,1,694|1393|2885|5164|5465|6714|7049|7079|7532|8013|84327,BTG1|CRHBP|GRB2|PDK2|PPARA|SRC|TGFBR3|TIMP4|YWHAG|NR4A3|ZBED3,-0.73,genes
GO Biological Processes,19,GO:0007034,vacuolar transport,19_GO:0051179 localization,-2.7,4,4,30244,168,316,7,2.2,0.83,3988|10368|51361|54602|55823|79156|91782,LIPA|CACNG3|HOOK1|NDFIP2|VPS11|PLEKHF1|CHMP7,-0.73,genes
GO Biological Processes,19,GO:0071363,cellular response to growth factor stimulus,19_GO:0050896 response to stimulus,-2.7,2.5,3.5,30244,489,316,13,4.1,1.1,94|960|2534|2885|4916|5156|6714|7049|7476|9638|55614|57175|92154,ACVRL1|CD44|FYN|GRB2|NTRK3|PDGFRA|SRC|TGFBR3|WNT7A|FEZ1|KIF16B|CORO1B|MTSS2,-0.72,genes
GO Biological Processes,19,GO:0034332,adherens junction organization,19_GO:0009987 cellular process,-2.7,7.4,4.7,30244,52,316,4,1.3,0.63,1009|1012|6714|8650,CDH11|CDH13|SRC|NUMB,-0.71,genes
GO Biological Processes,19,GO:0034614,cellular response to reactive oxygen species,19_GO:0050896 response to stimulus,-2.7,4.6,4.1,30244,126,316,6,1.9,0.77,1728|2146|2534|5156|5164|6714,NQO1|EZH2|FYN|PDGFRA|PDK2|SRC,-0.71,genes
GO Biological Processes,19,GO:0045471,response to ethanol,19_GO:0050896 response to stimulus,-2.7,4.6,4.1,30244,126,316,6,1.9,0.77,1393|1728|1981|2534|4916|5465,CRHBP|NQO1|EIF4G1|FYN|NTRK3|PPARA,-0.71,genes
GO Biological Processes,19,GO:0090596,sensory organ morphogenesis,19_GO:0032502 developmental process,-2.7,3.2,3.7,30244,269,316,9,2.8,0.94,1289|5396|7482|7545|7849|7855|8575|10194|23513,COL5A1|PRRX1|WNT2B|ZIC1|PAX8|FZD5|PRKRA|TSHZ1|SCRIB,-0.7,genes
GO Biological Processes,19,GO:0001819,positive regulation of cytokine production,19_GO:0048518 positive regulation of biological process,-2.6,2.5,3.5,30244,497,316,13,4.1,1.1,3134|3148|5452|5588|6714|7855|8013|11128|11334|23180|23513|23765|24145,HLA-F|HMGB2|POU2F2|PRKCQ|SRC|FZD5|NR4A3|POLR3A|TUSC2|RFTN1|SCRIB|IL17RA|PANX1,-0.67,genes
GO Biological Processes,19,GO:1902903,regulation of supramolecular fiber organization,19_GO:0050789 regulation of biological process,-2.6,2.8,3.5,30244,382,316,11,3.5,1,2242|2885|4233|6050|7111|10382|11135|23406|24139|57175|80115,FES|GRB2|MET|RNH1|TMOD1|TUBB4A|CDC42EP1|COTL1|EML2|CORO1B|BAIAP2L2,-0.67,genes
GO Biological Processes,19,GO:0022406,membrane docking,19_GO:0009987 cellular process,-2.6,5.4,4.2,30244,89,316,5,1.6,0.7,2054|5664|9751|10228|55823,STX2|PSEN2|SNPH|STX6|VPS11,-0.67,genes
GO Biological Processes,19,GO:0044088,regulation of vacuole organization,19_GO:0050789 regulation of biological process,-2.6,7.1,4.6,30244,54,316,4,1.3,0.63,8408|9638|51375|57535,ULK1|FEZ1|SNX7|ELAPOR1,-0.67,genes
GO Biological Processes,19,GO:0031113,regulation of microtubule polymerization,19_GO:0050789 regulation of biological process,-2.6,7.1,4.6,30244,54,316,4,1.3,0.63,2242|4233|10382|24139,FES|MET|TUBB4A|EML2,-0.67,genes
GO Biological Processes,19,GO:1902743,regulation of lamellipodium organization,19_GO:0050789 regulation of biological process,-2.6,7.1,4.6,30244,54,316,4,1.3,0.63,960|6239|6714|57175,CD44|RREB1|SRC|CORO1B,-0.67,genes
GO Biological Processes,19,GO:0062009,secondary palate development,19_GO:0032502 developmental process,-2.6,11,5.3,30244,26,316,3,0.95,0.55,7049|7476|10194,TGFBR3|WNT7A|TSHZ1,-0.67,genes
GO Biological Processes,19,GO:0007032,endosome organization,19_GO:0009987 cellular process,-2.6,5.3,4.2,30244,91,316,5,1.6,0.7,10228|51361|55823|79156|91782,STX6|HOOK1|VPS11|PLEKHF1|CHMP7,-0.64,genes
GO Biological Processes,19,GO:0021766,hippocampus development,19_GO:0032502 developmental process,-2.6,5.3,4.2,30244,91,316,5,1.6,0.7,2146|4760|6722|7545|9638,EZH2|NEUROD1|SRF|ZIC1|FEZ1,-0.64,genes
GO Biological Processes,19,GO:0043010,camera-type eye development,19_GO:0032502 developmental process,-2.6,2.9,3.6,30244,331,316,10,3.2,0.98,94|4094|4760|5156|6722|7111|7476|7482|7855|64919,ACVRL1|MAF|NEUROD1|PDGFRA|SRF|TMOD1|WNT7A|WNT2B|FZD5|BCL11B,-0.64,genes
GO Biological Processes,19,GO:0046037,GMP metabolic process,19_GO:0008152 metabolic process,-2.6,11,5.1,30244,27,316,3,0.95,0.55,3614|10606|22978,IMPDH1|PAICS|NT5C2,-0.64,genes
GO Biological Processes,19,GO:0061448,connective tissue development,19_GO:0032502 developmental process,-2.6,3.4,3.7,30244,227,316,8,2.5,0.88,960|1289|1396|3988|5396|6722|7476|7482,CD44|COL5A1|CRIP1|LIPA|PRRX1|SRF|WNT7A|WNT2B,-0.64,genes
GO Biological Processes,19,GO:0007187,"G protein-coupled receptor signaling pathway, coupled to cyclic nucleotide second messenger",19_GO:0050896 response to stimulus,-2.6,6.8,4.5,30244,56,316,4,1.3,0.63,1128|3350|3360|11255,CHRM1|HTR1A|HTR4|HRH3,-0.64,genes
GO Biological Processes,19,GO:0007041,lysosomal transport,19_GO:0051179 localization,-2.6,4.3,3.9,30244,133,316,6,1.9,0.77,3988|10368|51361|55823|79156|91782,LIPA|CACNG3|HOOK1|VPS11|PLEKHF1|CHMP7,-0.64,genes
GO Biological Processes,19,GO:0007389,pattern specification process,19_GO:0032502 developmental process,-2.6,2.6,3.4,30244,447,316,12,3.8,1.1,94|4760|4821|6722|7476|7482|7545|7849|7855|9371|10194|51668,ACVRL1|NEUROD1|NKX2-2|SRF|WNT7A|WNT2B|ZIC1|PAX8|FZD5|KIF3B|TSHZ1|IFT25,-0.64,genes
GO Biological Processes,19,GO:0032386,regulation of intracellular transport,19_GO:0051179 localization,-2.5,2.9,3.5,30244,333,316,10,3.2,0.98,1128|2534|3305|4659|6714|7545|7855|9638|23401|55823,CHRM1|FYN|HSPA1L|PPP1R12A|SRC|ZIC1|FZD5|FEZ1|FRAT2|VPS11,-0.64,genes
GO Biological Processes,19,GO:0032273,positive regulation of protein polymerization,19_GO:0048518 positive regulation of biological process,-2.5,5.2,4.1,30244,92,316,5,1.6,0.7,2242|2885|4233|11135|80115,FES|GRB2|MET|CDC42EP1|BAIAP2L2,-0.64,genes
GO Biological Processes,19,GO:0030335,positive regulation of cell migration,19_GO:0040011 locomotion,-2.5,2.4,3.4,30244,568,316,14,4.4,1.2,1012|1729|1908|4233|4916|5156|6239|6714|7476|8013|8650|23224|23625|57118,CDH13|DIAPH1|EDN3|MET|NTRK3|PDGFRA|RREB1|SRC|WNT7A|NR4A3|NUMB|SYNE2|FAM89B|CAMK1D,-0.64,genes
GO Biological Processes,19,GO:0031329,regulation of cellular catabolic process,19_GO:0008152 metabolic process,-2.5,2.2,3.3,30244,696,316,16,5.1,1.2,534|1981|4233|5465|7079|7855|7942|8408|9638|10868|23012|51085|51375|57535|79156|79670,ATP6V1G2|EIF4G1|MET|PPARA|TIMP4|FZD5|TFEB|ULK1|FEZ1|USP20|STK38L|MLXIPL|SNX7|ELAPOR1|PLEKHF1|TUT7,-0.63,genes
GO Biological Processes,19,GO:0051656,establishment of organelle localization,19_GO:0051179 localization,-2.5,2.7,3.5,30244,391,316,11,3.5,1,5870|7534|8013|9371|9638|22920|23224|23513|84327|91782|388552,RAB6A|YWHAZ|NR4A3|KIF3B|FEZ1|KIFAP3|SYNE2|SCRIB|ZBED3|CHMP7|BLOC1S3,-0.63,genes
GO Biological Processes,19,GO:0048568,embryonic organ development,19_GO:0032502 developmental process,-2.5,2.6,3.4,30244,450,316,12,3.8,1.1,2885|4760|5156|5396|6722|7545|7849|7855|7942|8575|10194|23513,GRB2|NEUROD1|PDGFRA|PRRX1|SRF|ZIC1|PAX8|FZD5|TFEB|PRKRA|TSHZ1|SCRIB,-0.63,genes
GO Biological Processes,19,GO:0051017,actin filament bundle assembly,19_GO:0009987 cellular process,-2.5,6.7,4.4,30244,57,316,4,1.3,0.63,6714|6722|57175|80115,SRC|SRF|CORO1B|BAIAP2L2,-0.63,genes
GO Biological Processes,19,GO:2000107,negative regulation of leukocyte apoptotic process,19_GO:0048519 negative regulation of biological process,-2.5,6.7,4.4,30244,57,316,4,1.3,0.63,5588|6482|22920|64919,PRKCQ|ST3GAL1|KIFAP3|BCL11B,-0.63,genes
GO Biological Processes,19,GO:0001525,angiogenesis,19_GO:0032502 developmental process,-2.5,2.8,3.5,30244,336,316,10,3.2,0.98,94|1012|4883|5156|6091|6722|7476|7534|7837|7855,ACVRL1|CDH13|NPR3|PDGFRA|ROBO1|SRF|WNT7A|YWHAZ|PXDN|FZD5,-0.63,genes
GO Biological Processes,19,GO:0050920,regulation of chemotaxis,19_GO:0040011 locomotion,-2.5,3.3,3.6,30244,230,316,8,2.5,0.88,1012|1908|4233|4916|5156|6091|57118|57175,CDH13|EDN3|MET|NTRK3|PDGFRA|ROBO1|CAMK1D|CORO1B,-0.63,genes
GO Biological Processes,19,GO:0070306,lens fiber cell differentiation,19_GO:0032502 developmental process,-2.5,10,5,30244,28,316,3,0.95,0.55,4094|7111|7476,MAF|TMOD1|WNT7A,-0.63,genes
GO Biological Processes,19,GO:0032941,secretion by tissue,19_GO:0051179 localization,-2.5,10,5,30244,28,316,3,0.95,0.55,1128|3360|4883,CHRM1|HTR4|NPR3,-0.63,genes
GO Biological Processes,19,GO:1903530,regulation of secretion by cell,19_GO:0051179 localization,-2.5,2.3,3.3,30244,573,316,14,4.4,1.2,1393|1908|2242|2850|2912|3134|3350|4760|5066|7476|7849|11255|140730|143425,CRHBP|EDN3|FES|GPR27|GRM2|HLA-F|HTR1A|NEUROD1|PAM|WNT7A|PAX8|HRH3|RIMS4|SYT9,-0.63,genes
GO Biological Processes,19,GO:0007548,sex differentiation,19_GO:0022414 reproductive process,-2.5,3,3.5,30244,283,316,9,2.8,0.94,3148|5156|6714|7476|7482|8999|10655|25976|431707,HMGB2|PDGFRA|SRC|WNT7A|WNT2B|CDKL2|DMRT2|TIPARP|LHX8,-0.62,genes
GO Biological Processes,19,GO:0002252,immune effector process,19_GO:0002376 immune system process,-2.5,2.7,3.4,30244,396,316,11,3.5,1,2534|3956|3988|4818|6482|6714|8013|9166|11334|23180|55061,FYN|LGALS1|LIPA|NKG7|ST3GAL1|SRC|NR4A3|EBAG9|TUSC2|RFTN1|SUSD4,-0.61,genes
GO Biological Processes,19,GO:0046578,regulation of Ras protein signal transduction,19_GO:0050896 response to stimulus,-2.5,3.6,3.7,30244,184,316,7,2.2,0.83,4233|5662|6091|6714|79109|81848|89890,MET|PSD|ROBO1|SRC|MAPKAP1|SPRY4|KBTBD6,-0.6,genes
GO Biological Processes,19,GO:0010639,negative regulation of organelle organization,19_GO:0048519 negative regulation of biological process,-2.5,2.8,3.4,30244,341,316,10,3.2,0.98,4233|5810|6196|6714|7111|9638|10382|24139|57175|112476,MET|RAD1|RPS6KA2|SRC|TMOD1|FEZ1|TUBB4A|EML2|CORO1B|PRRT2,-0.6,genes
GO Biological Processes,19,GO:0070231,T cell apoptotic process,19_GO:0009987 cellular process,-2.5,9.9,4.9,30244,29,316,3,0.95,0.55,3988|22920|64919,LIPA|KIFAP3|BCL11B,-0.6,genes
GO Biological Processes,19,GO:0009161,ribonucleoside monophosphate metabolic process,19_GO:0008152 metabolic process,-2.5,6.5,4.3,30244,59,316,4,1.3,0.63,1723|3614|10606|22978,DHODH|IMPDH1|PAICS|NT5C2,-0.6,genes
GO Biological Processes,19,GO:0070228,regulation of lymphocyte apoptotic process,19_GO:0050789 regulation of biological process,-2.5,6.5,4.3,30244,59,316,4,1.3,0.63,5588|6482|22920|64919,PRKCQ|ST3GAL1|KIFAP3|BCL11B,-0.6,genes
GO Biological Processes,19,GO:0051223,regulation of protein transport,19_GO:0051179 localization,-2.5,2.4,3.3,30244,519,316,13,4.1,1.1,1128|2534|2850|3305|4760|5066|6714|7545|7855|23401|54602|55823|143425,CHRM1|FYN|GPR27|HSPA1L|NEUROD1|PAM|SRC|ZIC1|FZD5|FRAT2|NDFIP2|VPS11|SYT9,-0.59,genes
GO Biological Processes,19,GO:0003002,regionalization,19_GO:0032502 developmental process,-2.5,2.6,3.4,30244,400,316,11,3.5,1,94|4760|4821|6722|7476|7482|7849|7855|9371|10194|51668,ACVRL1|NEUROD1|NKX2-2|SRF|WNT7A|WNT2B|PAX8|FZD5|KIF3B|TSHZ1|IFT25,-0.59,genes
GO Biological Processes,19,GO:0008360,regulation of cell shape,19_GO:0032502 developmental process,-2.5,4.1,3.8,30244,139,316,6,1.9,0.77,1729|2242|2534|10154|11135|29780,DIAPH1|FES|FYN|PLXNC1|CDC42EP1|PARVB,-0.59,genes
GO Biological Processes,19,GO:0043405,regulation of MAP kinase activity,19_GO:0008152 metabolic process,-2.5,3.6,3.7,30244,186,316,7,2.2,0.83,1908|2146|4916|6091|6714|7855|81848,EDN3|EZH2|NTRK3|ROBO1|SRC|FZD5|SPRY4,-0.59,genes
GO Biological Processes,19,GO:0002040,sprouting angiogenesis,19_GO:0032502 developmental process,-2.4,6.4,4.3,30244,60,316,4,1.3,0.63,94|1012|6091|6722,ACVRL1|CDH13|ROBO1|SRF,-0.58,genes
GO Biological Processes,19,GO:0010565,regulation of cellular ketone metabolic process,19_GO:0008152 metabolic process,-2.4,4.1,3.8,30244,140,316,6,1.9,0.77,33|5163|5164|5465|8013|51085,ACADL|PDK1|PDK2|PPARA|NR4A3|MLXIPL,-0.58,genes
GO Biological Processes,19,GO:0007033,vacuole organization,19_GO:0009987 cellular process,-2.4,3.6,3.6,30244,187,316,7,2.2,0.83,3988|7942|8408|51361|55823|57535|91782,LIPA|TFEB|ULK1|HOOK1|VPS11|ELAPOR1|CHMP7,-0.58,genes
GO Biological Processes,19,GO:0061572,actin filament bundle organization,19_GO:0009987 cellular process,-2.4,6.3,4.2,30244,61,316,4,1.3,0.63,6714|6722|57175|80115,SRC|SRF|CORO1B|BAIAP2L2,-0.56,genes
GO Biological Processes,19,GO:0022029,telencephalon cell migration,19_GO:0032502 developmental process,-2.4,6.3,4.2,30244,61,316,4,1.3,0.63,6091|6722|23224|84750,ROBO1|SRF|SYNE2|FUT10,-0.56,genes
GO Biological Processes,19,GO:0030168,platelet activation,19_GO:0032501 multicellular organismal process,-2.4,4.8,3.9,30244,99,316,5,1.6,0.7,1606|5156|6714|6722|388552,DGKA|PDGFRA|SRC|SRF|BLOC1S3,-0.56,genes
GO Biological Processes,19,GO:0050878,regulation of body fluid levels,19_GO:0065007 biological regulation,-2.4,2.7,3.4,30244,349,316,10,3.2,0.98,1128|1606|3360|4883|5066|5156|5329|6714|6722|388552,CHRM1|DGKA|HTR4|NPR3|PAM|PDGFRA|PLAUR|SRC|SRF|BLOC1S3,-0.56,genes
GO Biological Processes,19,GO:0009743,response to carbohydrate,19_GO:0050896 response to stimulus,-2.4,3.5,3.6,30244,190,316,7,2.2,0.83,1728|4760|4821|6196|6722|51085|84327,NQO1|NEUROD1|NKX2-2|RPS6KA2|SRF|MLXIPL|ZBED3,-0.55,genes
GO Biological Processes,19,GO:0006906,vesicle fusion,19_GO:0051179 localization,-2.4,4.8,3.9,30244,100,316,5,1.6,0.7,2054|10228|55823|91782|112476,STX2|STX6|VPS11|CHMP7|PRRT2,-0.55,genes
GO Biological Processes,19,GO:0002244,hematopoietic progenitor cell differentiation,19_GO:0032502 developmental process,-2.4,4.8,3.9,30244,100,316,5,1.6,0.7,1052|3988|5156|6722|168002,CEBPD|LIPA|PDGFRA|SRF|DACT2,-0.55,genes
GO Biological Processes,19,GO:2000147,positive regulation of cell motility,19_GO:0040011 locomotion,-2.4,2.3,3.2,30244,593,316,14,4.4,1.2,1012|1729|1908|4233|4916|5156|6239|6714|7476|8013|8650|23224|23625|57118,CDH13|DIAPH1|EDN3|MET|NTRK3|PDGFRA|RREB1|SRC|WNT7A|NR4A3|NUMB|SYNE2|FAM89B|CAMK1D,-0.54,genes
GO Biological Processes,19,GO:0010469,regulation of signaling receptor activity,19_GO:0050896 response to stimulus,-2.4,4,3.7,30244,144,316,6,1.9,0.77,1393|3460|5465|6714|8202|10368,CRHBP|IFNGR2|PPARA|SRC|NCOA3|CACNG3,-0.54,genes
GO Biological Processes,19,GO:0030534,adult behavior,19_GO:0032501 multicellular organismal process,-2.4,4,3.7,30244,144,316,6,1.9,0.77,1393|2912|5465|7111|7545|85446,CRHBP|GRM2|PPARA|TMOD1|ZIC1|ZFHX2,-0.54,genes
GO Biological Processes,19,GO:0060627,regulation of vesicle-mediated transport,19_GO:0051179 localization,-2.4,2.3,3.2,30244,531,316,13,4.1,1.1,1012|2242|3134|6714|7476|8650|23513|55823|57118|60682|112476|140730|143425,CDH13|FES|HLA-F|SRC|WNT7A|NUMB|SCRIB|VPS11|CAMK1D|SMAP1|PRRT2|RIMS4|SYT9,-0.54,genes
GO Biological Processes,19,GO:0099601,regulation of neurotransmitter receptor activity,19_GO:0050896 response to stimulus,-2.4,6.1,4.1,30244,63,316,4,1.3,0.63,1393|3460|6714|10368,CRHBP|IFNGR2|SRC|CACNG3,-0.54,genes
GO Biological Processes,19,GO:0048278,vesicle docking,19_GO:0051179 localization,-2.4,6.1,4.1,30244,63,316,4,1.3,0.63,2054|9751|10228|55823,STX2|SNPH|STX6|VPS11,-0.54,genes
GO Biological Processes,19,GO:0051056,regulation of small GTPase mediated signal transduction,19_GO:0050896 response to stimulus,-2.4,2.9,3.4,30244,298,316,9,2.8,0.94,4233|5662|6091|6714|26030|79109|81848|89890|128272,MET|PSD|ROBO1|SRC|PLEKHG3|MAPKAP1|SPRY4|KBTBD6|ARHGEF19,-0.53,genes
GO Biological Processes,19,GO:0018193,peptidyl-amino acid modification,19_GO:0008152 metabolic process,-2.4,2.1,3.1,30244,726,316,16,5.1,1.2,2146|2242|2346|2534|5156|5588|5870|6196|6714|8408|23012|26009|54496|57118|79447|80335,EZH2|FES|FOLH1|FYN|PDGFRA|PRKCQ|RAB6A|RPS6KA2|SRC|ULK1|STK38L|ZZZ3|PRMT7|CAMK1D|PAGR1|WDR82,-0.53,genes
GO Biological Processes,19,GO:0030029,actin filament-based process,19_GO:0009987 cellular process,-2.4,2.2,3.2,30244,597,316,14,4.4,1.2,1729|2318|2885|4205|5156|6714|6722|7111|23224|29780|57175|80115|84327|201191,DIAPH1|FLNC|GRB2|MEF2A|PDGFRA|SRC|SRF|TMOD1|SYNE2|PARVB|CORO1B|BAIAP2L2|ZBED3|SAMD14,-0.53,genes
GO Biological Processes,19,GO:0090174,organelle membrane fusion,19_GO:0009987 cellular process,-2.4,4.7,3.8,30244,102,316,5,1.6,0.7,2054|10228|55823|91782|112476,STX2|STX6|VPS11|CHMP7|PRRT2,-0.53,genes
GO Biological Processes,19,GO:0070661,leukocyte proliferation,19_GO:0009987 cellular process,-2.4,3.9,3.7,30244,146,316,6,1.9,0.77,1503|2534|3988|4883|5588|83593,CTPS1|FYN|LIPA|NPR3|PRKCQ|RASSF5,-0.53,genes
GO Biological Processes,19,GO:1903955,positive regulation of protein targeting to mitochondrion,19_GO:0051179 localization,-2.3,9,4.6,30244,32,316,3,0.95,0.55,3305|7855|55823,HSPA1L|FZD5|VPS11,-0.53,genes
GO Biological Processes,19,GO:0003382,epithelial cell morphogenesis,19_GO:0032502 developmental process,-2.3,9,4.6,30244,32,316,3,0.95,0.55,4233|64919|168002,MET|BCL11B|DACT2,-0.53,genes
GO Biological Processes,19,GO:0014855,striated muscle cell proliferation,19_GO:0009987 cellular process,-2.3,9,4.6,30244,32,316,3,0.95,0.55,2242|6714|7049,FES|SRC|TGFBR3,-0.53,genes
GO Biological Processes,19,GO:0061436,establishment of skin barrier,19_GO:0032502 developmental process,-2.3,9,4.6,30244,32,316,3,0.95,0.55,4233|6722|64834,MET|SRF|ELOVL1,-0.53,genes
GO Biological Processes,19,GO:0030036,actin cytoskeleton organization,19_GO:0009987 cellular process,-2.3,2.3,3.2,30244,536,316,13,4.1,1.1,1729|2318|2885|4205|5156|6714|6722|7111|29780|57175|80115|84327|201191,DIAPH1|FLNC|GRB2|MEF2A|PDGFRA|SRC|SRF|TMOD1|PARVB|CORO1B|BAIAP2L2|ZBED3|SAMD14,-0.53,genes
GO Biological Processes,19,GO:0021885,forebrain cell migration,19_GO:0032502 developmental process,-2.3,6,4.1,30244,64,316,4,1.3,0.63,6091|6722|23224|84750,ROBO1|SRF|SYNE2|FUT10,-0.53,genes
GO Biological Processes,19,GO:0031333,negative regulation of protein-containing complex assembly,19_GO:0048519 negative regulation of biological process,-2.3,3.9,3.6,30244,147,316,6,1.9,0.77,6714|7111|8408|10382|24139|112476,SRC|TMOD1|ULK1|TUBB4A|EML2|PRRT2,-0.53,genes
GO Biological Processes,19,GO:0019216,regulation of lipid metabolic process,19_GO:0008152 metabolic process,-2.3,2.7,3.3,30244,358,316,10,3.2,0.98,33|5156|5163|5164|5465|6714|8013|51085|51094|64919,ACADL|PDGFRA|PDK1|PDK2|PPARA|SRC|NR4A3|MLXIPL|ADIPOR1|BCL11B,-0.52,genes
GO Biological Processes,19,GO:0007169,transmembrane receptor protein tyrosine kinase signaling pathway,19_GO:0050896 response to stimulus,-2.3,2.5,3.2,30244,418,316,11,3.5,1,2051|2534|2885|4233|4916|5156|5164|6714|8013|25976|55614,EPHB6|FYN|GRB2|MET|NTRK3|PDGFRA|PDK2|SRC|NR4A3|TIPARP|KIF16B,-0.51,genes
GO Biological Processes,19,GO:0001558,regulation of cell growth,19_GO:0040007 growth,-2.3,2.5,3.2,30244,419,316,11,3.5,1,94|694|1981|4099|5465|5588|6722|8408|9166|51094|79109,ACVRL1|BTG1|EIF4G1|MAG|PPARA|PRKCQ|SRF|ULK1|EBAG9|ADIPOR1|MAPKAP1,-0.51,genes
GO Biological Processes,19,GO:0007584,response to nutrient,19_GO:0050896 response to stimulus,-2.3,3.9,3.6,30244,149,316,6,1.9,0.77,1728|2242|3988|5164|6722|51085,NQO1|FES|LIPA|PDK2|SRF|MLXIPL,-0.51,genes
GO Biological Processes,19,GO:0031503,protein-containing complex localization,19_GO:0051179 localization,-2.3,3.9,3.6,30244,149,316,6,1.9,0.77,160|8655|9371|10368|23513|51668,AP2A1|DYNLL1|KIF3B|CACNG3|SCRIB|IFT25,-0.51,genes
GO Biological Processes,19,GO:0032388,positive regulation of intracellular transport,19_GO:0051179 localization,-2.3,3.4,3.5,30244,198,316,7,2.2,0.83,1128|2534|3305|7545|7855|9638|55823,CHRM1|FYN|HSPA1L|ZIC1|FZD5|FEZ1|VPS11,-0.51,genes
GO Biological Processes,19,GO:0031334,positive regulation of protein-containing complex assembly,19_GO:0048518 positive regulation of biological process,-2.3,3.4,3.5,30244,198,316,7,2.2,0.83,1981|2242|2885|4233|6714|11135|80115,EIF4G1|FES|GRB2|MET|SRC|CDC42EP1|BAIAP2L2,-0.51,genes
GO Biological Processes,19,GO:0002065,columnar/cuboidal epithelial cell differentiation,19_GO:0032502 developmental process,-2.3,4.6,3.8,30244,105,316,5,1.6,0.7,4760|4821|6714|7855|56647,NEUROD1|NKX2-2|SRC|FZD5|BCCIP,-0.51,genes
GO Biological Processes,19,GO:0010508,positive regulation of autophagy,19_GO:0048518 positive regulation of biological process,-2.3,3.8,3.6,30244,150,316,6,1.9,0.77,7942|8408|10868|51375|57535|79156,TFEB|ULK1|USP20|SNX7|ELAPOR1|PLEKHF1,-0.51,genes
GO Biological Processes,19,GO:0070301,cellular response to hydrogen peroxide,19_GO:0050896 response to stimulus,-2.3,5.8,4,30244,66,316,4,1.3,0.63,1728|2146|2534|6714,NQO1|EZH2|FYN|SRC,-0.51,genes
GO Biological Processes,19,GO:0048857,neural nucleus development,19_GO:0032502 developmental process,-2.3,5.8,4,30244,66,316,4,1.3,0.63,5810|8655|23513|79109,RAD1|DYNLL1|SCRIB|MAPKAP1,-0.51,genes
GO Biological Processes,19,GO:0070201,regulation of establishment of protein localization,19_GO:0051179 localization,-2.3,2.3,3.1,30244,544,316,13,4.1,1.1,1128|2534|2850|3305|4760|5066|6714|7545|7855|23401|54602|55823|143425,CHRM1|FYN|GPR27|HSPA1L|NEUROD1|PAM|SRC|ZIC1|FZD5|FRAT2|NDFIP2|VPS11|SYT9,-0.51,genes
GO Biological Processes,19,GO:0040017,positive regulation of locomotion,19_GO:0040011 locomotion,-2.3,2.2,3.1,30244,608,316,14,4.4,1.2,1012|1729|1908|4233|4916|5156|6239|6714|7476|8013|8650|23224|23625|57118,CDH13|DIAPH1|EDN3|MET|NTRK3|PDGFRA|RREB1|SRC|WNT7A|NR4A3|NUMB|SYNE2|FAM89B|CAMK1D,-0.5,genes
GO Biological Processes,19,GO:0007009,plasma membrane organization,19_GO:0009987 cellular process,-2.3,3.8,3.5,30244,151,316,6,1.9,0.77,1289|2054|8560|80115|91782|92154,COL5A1|STX2|DEGS1|BAIAP2L2|CHMP7|MTSS2,-0.5,genes
GO Biological Processes,19,GO:0071900,regulation of protein serine/threonine kinase activity,19_GO:0008152 metabolic process,-2.3,2.6,3.2,30244,364,316,10,3.2,0.98,641|902|1908|2146|4916|6091|6714|7855|56647|81848,BLM|CCNH|EDN3|EZH2|NTRK3|ROBO1|SRC|FZD5|BCCIP|SPRY4,-0.5,genes
GO Biological Processes,19,GO:0099174,regulation of presynapse organization,19_GO:0050789 regulation of biological process,-2.3,8.4,4.5,30244,34,316,3,0.95,0.55,1981|4916|7476,EIF4G1|NTRK3|WNT7A,-0.5,genes
GO Biological Processes,19,GO:0009156,ribonucleoside monophosphate biosynthetic process,19_GO:0008152 metabolic process,-2.3,8.4,4.5,30244,34,316,3,0.95,0.55,1723|3614|10606,DHODH|IMPDH1|PAICS,-0.5,genes
GO Biological Processes,19,GO:0009112,nucleobase metabolic process,19_GO:0008152 metabolic process,-2.3,8.4,4.5,30244,34,316,3,0.95,0.55,1503|1723|10606,CTPS1|DHODH|PAICS,-0.5,genes
GO Biological Processes,19,GO:1905606,regulation of presynapse assembly,19_GO:0032502 developmental process,-2.3,8.4,4.5,30244,34,316,3,0.95,0.55,1981|4916|7476,EIF4G1|NTRK3|WNT7A,-0.5,genes
GO Biological Processes,19,GO:1903351,cellular response to dopamine,19_GO:0050896 response to stimulus,-2.3,5.7,4,30244,67,316,4,1.3,0.63,1128|3350|3360|11255,CHRM1|HTR1A|HTR4|HRH3,-0.5,genes
GO Biological Processes,19,GO:0007610,behavior,19_GO:0032501 multicellular organismal process,-2.3,2.2,3.1,30244,611,316,14,4.4,1.2,1393|1981|2534|2912|3350|5465|6714|6722|7111|7545|9486|85446|338811|431707,CRHBP|EIF4G1|FYN|GRM2|HTR1A|PPARA|SRC|SRF|TMOD1|ZIC1|CHST10|ZFHX2|TAFA2|LHX8,-0.5,genes
GO Biological Processes,19,GO:0032886,regulation of microtubule-based process,19_GO:0050789 regulation of biological process,-2.3,3,3.3,30244,253,316,8,2.5,0.88,1729|2242|4233|9638|10382|22809|24139|91782,DIAPH1|FES|MET|FEZ1|TUBB4A|ATF5|EML2|CHMP7,-0.5,genes
GO Biological Processes,19,GO:0031099,regeneration,19_GO:0032502 developmental process,-2.3,3.8,3.5,30244,153,316,6,1.9,0.77,2146|4099|7049|7476|8013|8408,EZH2|MAG|TGFBR3|WNT7A|NR4A3|ULK1,-0.49,genes
GO Biological Processes,19,GO:1903350,response to dopamine,19_GO:0050896 response to stimulus,-2.2,5.6,3.9,30244,68,316,4,1.3,0.63,1128|3350|3360|11255,CHRM1|HTR1A|HTR4|HRH3,-0.48,genes
GO Biological Processes,19,GO:0000226,microtubule cytoskeleton organization,19_GO:0009987 cellular process,-2.2,2.3,3.1,30244,552,316,13,4.1,1.1,2242|4659|9371|9851|10376|10382|23224|24139|51361|56647|83541|84327|84617,FES|PPP1R12A|KIF3B|KIAA0753|TUBA1B|TUBB4A|SYNE2|EML2|HOOK1|BCCIP|FAM110A|ZBED3|TUBB6,-0.48,genes
GO Biological Processes,19,GO:0033146,regulation of intracellular estrogen receptor signaling pathway,19_GO:0050896 response to stimulus,-2.2,8.2,4.4,30244,35,316,3,0.95,0.55,6714|55823|79447,SRC|VPS11|PAGR1,-0.48,genes
GO Biological Processes,19,GO:0090183,regulation of kidney development,19_GO:0032502 developmental process,-2.2,8.2,4.4,30244,35,316,3,0.95,0.55,2146|7482|7849,EZH2|WNT2B|PAX8,-0.48,genes
GO Biological Processes,19,GO:0050804,modulation of chemical synaptic transmission,19_GO:0050789 regulation of biological process,-2.2,2.3,3.1,30244,491,316,12,3.8,1.1,1009|1128|2534|2893|2912|6714|6722|7476|7532|10368|112476|140730,CDH11|CHRM1|FYN|GRIA4|GRM2|SRC|SRF|WNT7A|YWHAG|CACNG3|PRRT2|RIMS4,-0.47,genes
GO Biological Processes,19,GO:0050770,regulation of axonogenesis,19_GO:0032502 developmental process,-2.2,3.7,3.5,30244,155,316,6,1.9,0.77,4099|6091|6722|7476|8408|10154,MAG|ROBO1|SRF|WNT7A|ULK1|PLXNC1,-0.47,genes
GO Biological Processes,19,GO:0010611,regulation of cardiac muscle hypertrophy,19_GO:0032501 multicellular organismal process,-2.2,5.5,3.9,30244,69,316,4,1.3,0.63,4205|5152|5465|8013,MEF2A|PDE9A|PPARA|NR4A3,-0.47,genes
GO Biological Processes,19,GO:0099177,regulation of trans-synaptic signaling,19_GO:0050789 regulation of biological process,-2.2,2.3,3.1,30244,492,316,12,3.8,1.1,1009|1128|2534|2893|2912|6714|6722|7476|7532|10368|112476|140730,CDH11|CHRM1|FYN|GRIA4|GRM2|SRC|SRF|WNT7A|YWHAG|CACNG3|PRRT2|RIMS4,-0.47,genes
GO Biological Processes,19,GO:0040008,regulation of growth,19_GO:0040007 growth,-2.2,2.2,3,30244,620,316,14,4.4,1.2,94|694|1981|2307|4099|5465|5588|6722|7049|8408|9166|23180|51094|79109,ACVRL1|BTG1|EIF4G1|FOXS1|MAG|PPARA|PRKCQ|SRF|TGFBR3|ULK1|EBAG9|RFTN1|ADIPOR1|MAPKAP1,-0.46,genes
GO Biological Processes,19,GO:0090316,positive regulation of intracellular protein transport,19_GO:0051179 localization,-2.2,3.7,3.4,30244,156,316,6,1.9,0.77,1128|2534|3305|7545|7855|55823,CHRM1|FYN|HSPA1L|ZIC1|FZD5|VPS11,-0.46,genes
GO Biological Processes,19,GO:0043542,endothelial cell migration,19_GO:0032501 multicellular organismal process,-2.2,5.5,3.8,30244,70,316,4,1.3,0.63,1012|6091|6722|57175,CDH13|ROBO1|SRF|CORO1B,-0.46,genes
GO Biological Processes,19,GO:0042098,T cell proliferation,19_GO:0002376 immune system process,-2.2,5.5,3.8,30244,70,316,4,1.3,0.63,1503|2534|3988|5588,CTPS1|FYN|LIPA|PRKCQ,-0.46,genes
GO Biological Processes,19,GO:0046320,regulation of fatty acid oxidation,19_GO:0008152 metabolic process,-2.2,8,4.3,30244,36,316,3,0.95,0.55,33|5465|8013,ACADL|PPARA|NR4A3,-0.46,genes
GO Biological Processes,19,GO:1903749,positive regulation of establishment of protein localization to mitochondrion,19_GO:0051179 localization,-2.2,8,4.3,30244,36,316,3,0.95,0.55,3305|7855|55823,HSPA1L|FZD5|VPS11,-0.46,genes
GO Biological Processes,19,GO:0048008,platelet-derived growth factor receptor signaling pathway,19_GO:0050896 response to stimulus,-2.2,8,4.3,30244,36,316,3,0.95,0.55,5156|8013|25976,PDGFRA|NR4A3|TIPARP,-0.46,genes
GO Biological Processes,19,GO:0070227,lymphocyte apoptotic process,19_GO:0009987 cellular process,-2.2,8,4.3,30244,36,316,3,0.95,0.55,3988|22920|64919,LIPA|KIFAP3|BCL11B,-0.46,genes
GO Biological Processes,19,GO:0010613,positive regulation of cardiac muscle hypertrophy,19_GO:0048518 positive regulation of biological process,-2.2,8,4.3,30244,36,316,3,0.95,0.55,4205|5152|8013,MEF2A|PDE9A|NR4A3,-0.46,genes
GO Biological Processes,19,GO:0050890,cognition,19_GO:0032501 multicellular organismal process,-2.2,2.7,3.1,30244,318,316,9,2.8,0.94,1128|1393|2534|6714|6722|9486|11255|338811|431707,CHRM1|CRHBP|FYN|SRC|SRF|CHST10|HRH3|TAFA2|LHX8,-0.44,genes
GO Biological Processes,19,GO:0030808,regulation of nucleotide biosynthetic process,19_GO:0008152 metabolic process,-2.2,7.8,4.2,30244,37,316,3,0.95,0.55,5163|5164|5465,PDK1|PDK2|PPARA,-0.44,genes
GO Biological Processes,19,GO:1900371,regulation of purine nucleotide biosynthetic process,19_GO:0008152 metabolic process,-2.2,7.8,4.2,30244,37,316,3,0.95,0.55,5163|5164|5465,PDK1|PDK2|PPARA,-0.44,genes
GO Biological Processes,19,GO:1902745,positive regulation of lamellipodium organization,19_GO:0048518 positive regulation of biological process,-2.2,7.8,4.2,30244,37,316,3,0.95,0.55,6239|6714|57175,RREB1|SRC|CORO1B,-0.44,genes
GO Biological Processes,19,GO:0014742,positive regulation of muscle hypertrophy,19_GO:0048518 positive regulation of biological process,-2.2,7.8,4.2,30244,37,316,3,0.95,0.55,4205|5152|8013,MEF2A|PDE9A|NR4A3,-0.44,genes
GO Biological Processes,19,GO:0090066,regulation of anatomical structure size,19_GO:0065007 biological regulation,-2.2,2.3,3,30244,500,316,12,3.8,1.1,1908|2885|3350|4099|4883|6722|7111|7476|8408|11135|23406|80115,EDN3|GRB2|HTR1A|MAG|NPR3|SRF|TMOD1|WNT7A|ULK1|CDC42EP1|COTL1|BAIAP2L2,-0.44,genes
GO Biological Processes,19,GO:0014743,regulation of muscle hypertrophy,19_GO:0032501 multicellular organismal process,-2.2,5.3,3.8,30244,72,316,4,1.3,0.63,4205|5152|5465|8013,MEF2A|PDE9A|PPARA|NR4A3,-0.43,genes
GO Biological Processes,19,GO:0009615,response to virus,19_GO:0044419 biological process involved in interspecies interaction between organisms,-2.2,2.5,3.1,30244,379,316,10,3.2,0.98,3460|5452|6714|8575|10868|11128|11274|23765|90933|220001,IFNGR2|POU2F2|SRC|PRKRA|USP20|POLR3A|USP18|IL17RA|TRIM41|VWCE,-0.43,genes
GO Biological Processes,19,GO:0061025,membrane fusion,19_GO:0009987 cellular process,-2.1,3.6,3.4,30244,161,316,6,1.9,0.77,2054|8774|10228|55823|91782|112476,STX2|NAPG|STX6|VPS11|CHMP7|PRRT2,-0.42,genes
GO Biological Processes,19,GO:0048729,tissue morphogenesis,19_GO:0032502 developmental process,-2.1,2.2,3,30244,567,316,13,4.1,1.1,94|960|1289|2885|4233|6091|6714|6722|7049|7476|7849|7855|23513,ACVRL1|CD44|COL5A1|GRB2|MET|ROBO1|SRC|SRF|TGFBR3|WNT7A|PAX8|FZD5|SCRIB,-0.42,genes
GO Biological Processes,19,GO:0051046,regulation of secretion,19_GO:0051179 localization,-2.1,2.1,2.9,30244,632,316,14,4.4,1.2,1393|1908|2242|2850|2912|3134|3350|4760|5066|7476|7849|11255|140730|143425,CRHBP|EDN3|FES|GPR27|GRM2|HLA-F|HTR1A|NEUROD1|PAM|WNT7A|PAX8|HRH3|RIMS4|SYT9,-0.42,genes
GO Biological Processes,19,GO:0031623,receptor internalization,19_GO:0051179 localization,-2.1,5.2,3.7,30244,73,316,4,1.3,0.63,160|2868|2885|10368,AP2A1|GRK4|GRB2|CACNG3,-0.42,genes
GO Biological Processes,19,GO:0055006,cardiac cell development,19_GO:0032502 developmental process,-2.1,5.2,3.7,30244,73,316,4,1.3,0.63,4205|5156|6722|7049,MEF2A|PDGFRA|SRF|TGFBR3,-0.42,genes
GO Biological Processes,19,GO:0048663,neuron fate commitment,19_GO:0032502 developmental process,-2.1,5.2,3.7,30244,73,316,4,1.3,0.63,4821|4916|5396|64919,NKX2-2|NTRK3|PRRX1|BCL11B,-0.42,genes
GO Biological Processes,19,GO:0044089,positive regulation of cellular component biogenesis,19_GO:0048518 positive regulation of biological process,-2.1,2.3,3,30244,506,316,12,3.8,1.1,1981|2242|2885|4233|6714|6722|7476|8408|11135|51375|57535|80115,EIF4G1|FES|GRB2|MET|SRC|SRF|WNT7A|ULK1|CDC42EP1|SNX7|ELAPOR1|BAIAP2L2,-0.41,genes
GO Biological Processes,19,GO:0007589,body fluid secretion,19_GO:0051179 localization,-2.1,5.2,3.7,30244,74,316,4,1.3,0.63,1128|3360|4883|5066,CHRM1|HTR4|NPR3|PAM,-0.4,genes
GO Biological Processes,19,GO:0021700,developmental maturation,19_GO:0032502 developmental process,-2.1,2.8,3.1,30244,269,316,8,2.5,0.88,94|534|6196|7855|11334|79670|342035|388552,ACVRL1|ATP6V1G2|RPS6KA2|FZD5|TUSC2|TUT7|GLDN|BLOC1S3,-0.4,genes
GO Biological Processes,19,GO:0090630,activation of GTPase activity,19_GO:0065007 biological regulation,-2.1,4.1,3.4,30244,117,316,5,1.6,0.7,4916|23513|92154|125058|128272,NTRK3|SCRIB|MTSS2|TBC1D16|ARHGEF19,-0.39,genes
GO Biological Processes,19,GO:0042698,ovulation cycle,19_GO:0048511 rhythmic process,-2.1,5.1,3.7,30244,75,316,4,1.3,0.63,5066|5156|6714|7079,PAM|PDGFRA|SRC|TIMP4,-0.39,genes
GO Biological Processes,19,GO:0061138,morphogenesis of a branching epithelium,19_GO:0032502 developmental process,-2.1,3.5,3.3,30244,165,316,6,1.9,0.77,2885|4233|6714|6722|7849|7855,GRB2|MET|SRC|SRF|PAX8|FZD5,-0.39,genes
GO Biological Processes,19,GO:0098727,maintenance of cell number,19_GO:0032502 developmental process,-2.1,4.1,3.4,30244,118,316,5,1.6,0.7,2146|5396|7476|7545|84750,EZH2|PRRX1|WNT7A|ZIC1|FUT10,-0.38,genes
GO Biological Processes,19,GO:0030856,regulation of epithelial cell differentiation,19_GO:0032502 developmental process,-2.1,3.5,3.3,30244,166,316,6,1.9,0.77,94|694|2146|4821|7849|8202,ACVRL1|BTG1|EZH2|NKX2-2|PAX8|NCOA3,-0.38,genes
GO Biological Processes,19,GO:0009123,nucleoside monophosphate metabolic process,19_GO:0008152 metabolic process,-2.1,5,3.6,30244,76,316,4,1.3,0.63,1723|3614|10606|22978,DHODH|IMPDH1|PAICS|NT5C2,-0.37,genes
GO Biological Processes,19,GO:0001704,formation of primary germ layer,19_GO:0032502 developmental process,-2.1,4,3.4,30244,119,316,5,1.6,0.7,1844|2885|4324|6722|55614,DUSP2|GRB2|MMP15|SRF|KIF16B,-0.37,genes
GO Biological Processes,19,GO:0008210,estrogen metabolic process,19_GO:0008152 metabolic process,-2.1,7.2,4,30244,40,316,3,0.95,0.55,5156|9486|25976,PDGFRA|CHST10|TIPARP,-0.37,genes
GO Biological Processes,19,GO:0045923,positive regulation of fatty acid metabolic process,19_GO:0048518 positive regulation of biological process,-2.1,7.2,4,30244,40,316,3,0.95,0.55,5465|8013|51085,PPARA|NR4A3|MLXIPL,-0.37,genes
GO Biological Processes,19,GO:0002009,morphogenesis of an epithelium,19_GO:0032502 developmental process,-2.1,2.3,2.9,30244,452,316,11,3.5,1,94|960|1289|2885|4233|6714|6722|7476|7849|7855|23513,ACVRL1|CD44|COL5A1|GRB2|MET|SRC|SRF|WNT7A|PAX8|FZD5|SCRIB,-0.37,genes
GO Biological Processes,19,GO:0110053,regulation of actin filament organization,19_GO:0050789 regulation of biological process,-2.1,2.8,3.1,30244,274,316,8,2.5,0.88,2885|4233|6050|7111|11135|23406|57175|80115,GRB2|MET|RNH1|TMOD1|CDC42EP1|COTL1|CORO1B|BAIAP2L2,-0.37,genes
GO Biological Processes,19,GO:0007369,gastrulation,19_GO:0032502 developmental process,-2.1,3.4,3.2,30244,168,316,6,1.9,0.77,1844|2885|4324|6722|8013|55614,DUSP2|GRB2|MMP15|SRF|NR4A3|KIF16B,-0.37,genes
GO Biological Processes,19,GO:0021761,limbic system development,19_GO:0032502 developmental process,-2.1,4,3.4,30244,120,316,5,1.6,0.7,2146|4760|6722|7545|9638,EZH2|NEUROD1|SRF|ZIC1|FEZ1,-0.37,genes
GO Biological Processes,19,GO:0031295,T cell costimulation,19_GO:0002376 immune system process,-2,7,4,30244,41,316,3,0.95,0.55,2534|3956|6714,FYN|LGALS1|SRC,-0.35,genes
GO Biological Processes,19,GO:0033002,muscle cell proliferation,19_GO:0009987 cellular process,-2,7,4,30244,41,316,3,0.95,0.55,2242|6714|7049,FES|SRC|TGFBR3,-0.35,genes
GO Biological Processes,19,GO:0047496,vesicle transport along microtubule,19_GO:0051179 localization,-2,7,4,30244,41,316,3,0.95,0.55,9371|22920|388552,KIF3B|KIFAP3|BLOC1S3,-0.35,genes
GO Biological Processes,19,GO:0060966,regulation of gene silencing by RNA,19_GO:0048519 negative regulation of biological process,-2,7,4,30244,41,316,3,0.95,0.55,1981|8575|283131,EIF4G1|PRKRA|NEAT1,-0.35,genes
GO Biological Processes,19,GO:0007492,endoderm development,19_GO:0032502 developmental process,-2,4.9,3.6,30244,78,316,4,1.3,0.63,1844|2885|4324|55614,DUSP2|GRB2|MMP15|KIF16B,-0.35,genes
GO Biological Processes,19,GO:1903533,regulation of protein targeting,19_GO:0051179 localization,-2,4.9,3.6,30244,78,316,4,1.3,0.63,2534|3305|7855|55823,FYN|HSPA1L|FZD5|VPS11,-0.35,genes
GO Biological Processes,19,GO:0034330,cell junction organization,19_GO:0009987 cellular process,-2,2.2,2.8,30244,522,316,12,3.8,1.1,421|784|1009|1012|2534|4916|6714|6722|7476|7855|8650|23012,ARVCF|CACNB3|CDH11|CDH13|FYN|NTRK3|SRC|SRF|WNT7A|FZD5|NUMB|STK38L,-0.34,genes
GO Biological Processes,19,GO:0031349,positive regulation of defense response,19_GO:0048518 positive regulation of biological process,-2,2.4,2.9,30244,397,316,10,3.2,0.98,2534|3134|3148|3956|4818|6714|23180|23765|90933|283131,FYN|HLA-F|HMGB2|LGALS1|NKG7|SRC|RFTN1|IL17RA|TRIM41|NEAT1,-0.34,genes
GO Biological Processes,19,GO:0034329,cell junction assembly,19_GO:0009987 cellular process,-2,2.7,3,30244,279,316,8,2.5,0.88,421|1009|1012|4916|6714|6722|7476|7855,ARVCF|CDH11|CDH13|NTRK3|SRC|SRF|WNT7A|FZD5,-0.34,genes
GO Biological Processes,19,GO:0048511,rhythmic process,19_GO:0048511 rhythmic process,-2,2.7,3,30244,279,316,8,2.5,0.88,1628|2146|5066|5156|5465|6714|7079|22809,DBP|EZH2|PAM|PDGFRA|PPARA|SRC|TIMP4|ATF5,-0.34,genes
GO Biological Processes,19,GO:0022600,digestive system process,19_GO:0032501 multicellular organismal process,-2,4.8,3.5,30244,79,316,4,1.3,0.63,1128|3360|3988|4883,CHRM1|HTR4|LIPA|NPR3,-0.34,genes
GO Biological Processes,19,GO:0050679,positive regulation of epithelial cell proliferation,19_GO:0048518 positive regulation of biological process,-2,3,3.1,30244,224,316,7,2.2,0.83,94|1012|3148|6239|7476|8013|283131,ACVRL1|CDH13|HMGB2|RREB1|WNT7A|NR4A3|NEAT1,-0.34,genes
GO Biological Processes,19,GO:0046651,lymphocyte proliferation,19_GO:0002376 immune system process,-2,3.9,3.3,30244,123,316,5,1.6,0.7,1503|2534|3988|5588|83593,CTPS1|FYN|LIPA|PRKCQ|RASSF5,-0.34,genes
GO Biological Processes,19,GO:0044057,regulation of system process,19_GO:0032501 multicellular organismal process,-2,2.1,2.8,30244,589,316,13,4.1,1.1,1393|1908|3350|4099|4205|4760|5152|5465|6714|6722|7476|8013|85446,CRHBP|EDN3|HTR1A|MAG|MEF2A|NEUROD1|PDE9A|PPARA|SRC|SRF|WNT7A|NR4A3|ZFHX2,-0.34,genes
GO Biological Processes,19,GO:0097120,receptor localization to synapse,19_GO:0051179 localization,-2,6.8,3.9,30244,42,316,3,0.95,0.55,9371|10368|23513,KIF3B|CACNG3|SCRIB,-0.34,genes
GO Biological Processes,19,GO:0002066,columnar/cuboidal epithelial cell development,19_GO:0032502 developmental process,-2,6.8,3.9,30244,42,316,3,0.95,0.55,4821|6714|7855,NKX2-2|SRC|FZD5,-0.34,genes
GO Biological Processes,19,GO:0009167,purine ribonucleoside monophosphate metabolic process,19_GO:0008152 metabolic process,-2,6.8,3.9,30244,42,316,3,0.95,0.55,3614|10606|22978,IMPDH1|PAICS|NT5C2,-0.34,genes
GO Biological Processes,19,GO:0009124,nucleoside monophosphate biosynthetic process,19_GO:0008152 metabolic process,-2,6.8,3.9,30244,42,316,3,0.95,0.55,1723|3614|10606,DHODH|IMPDH1|PAICS,-0.34,genes
GO Biological Processes,19,GO:0033157,regulation of intracellular protein transport,19_GO:0051179 localization,-2,3,3.1,30244,225,316,7,2.2,0.83,1128|2534|3305|7545|7855|23401|55823,CHRM1|FYN|HSPA1L|ZIC1|FZD5|FRAT2|VPS11,-0.34,genes
GO Biological Processes,19,GO:0016050,vesicle organization,19_GO:0009987 cellular process,-2,2.5,2.9,30244,339,316,9,2.8,0.94,534|2054|10228|51361|55823|79156|91782|112476|388552,ATP6V1G2|STX2|STX6|HOOK1|VPS11|PLEKHF1|CHMP7|PRRT2|BLOC1S3,-0.34,genes
GO Biological Processes,19,GO:0001666,response to hypoxia,19_GO:0050896 response to stimulus,-2,2.7,3,30244,281,316,8,2.5,0.88,94|5066|5163|5465|5664|6714|6722|7049,ACVRL1|PAM|PDK1|PPARA|PSEN2|SRC|SRF|TGFBR3,-0.34,genes
GO Biological Processes,19,GO:0002088,lens development in camera-type eye,19_GO:0032502 developmental process,-2,4.8,3.5,30244,80,316,4,1.3,0.63,4094|7111|7476|7482,MAF|TMOD1|WNT7A|WNT2B,-0.34,genes
GO Biological Processes,19,GO:0062012,regulation of small molecule metabolic process,19_GO:0008152 metabolic process,-2,2.5,2.9,30244,340,316,9,2.8,0.94,33|5163|5164|5465|6714|8013|51085|51094|90673,ACADL|PDK1|PDK2|PPARA|SRC|NR4A3|MLXIPL|ADIPOR1|PPP1R3E,-0.34,genes
