_MEMBER_genes,_LogP_genes,GO,Description,_PATTERN_,_RANK_,GiniIndex
1,-2.2,GO:1903350,response to dopamine,M1,1,0
1,-2.2,GO:0050770,regulation of axonogenesis,M1,1,0
1,-4.5,GO:0031669,cellular response to nutrient levels,M1,1,0
1,-2.6,GO:0007389,pattern specification process,M1,1,0
1,-2.2,GO:0090066,regulation of anatomical structure size,M1,1,0
1,-2.6,GO:0061448,connective tissue development,M1,1,0
1,-3,GO:2000786,positive regulation of autophagosome assembly,M1,1,0
1,-5.3,GO:0000904,cell morphogenesis involved in differentiation,M1,1,0
1,-2.5,GO:0051017,actin filament bundle assembly,M1,1,0
1,-2.8,GO:0140056,organelle localization by membrane tethering,M1,1,0
1,-3.6,GO:0032271,regulation of protein polymerization,M1,1,0
1,-5.5,GO:0099643,signal release from synapse,M1,1,0
1,-2.1,GO:0030856,regulation of epithelial cell differentiation,M1,1,0
1,-2.5,GO:0043405,regulation of MAP kinase activity,M1,1,0
1,-2.7,GO:0043434,response to peptide hormone,M1,1,0
1,-5.1,GO:0032940,secretion by cell,M1,1,0
1,-3.9,GO:0008333,endosome to lysosome transport,M1,1,0
1,-2.9,GO:0006268,DNA unwinding involved in DNA replication,M1,1,0
1,-2.7,GO:0010970,transport along microtubule,M1,1,0
1,-3.7,GO:0090505,epiboly involved in wound healing,M1,1,0
1,-2.5,GO:0070228,regulation of lymphocyte apoptotic process,M1,1,0
1,-2.8,GO:0099111,microtubule-based transport,M1,1,0
1,-2,GO:0001666,response to hypoxia,M1,1,0
1,-2.1,GO:0061025,membrane fusion,M1,1,0
1,-5.2,GO:0030900,forebrain development,M1,1,0
1,-2.6,GO:0001819,positive regulation of cytokine production,M1,1,0
1,-3.6,GO:0032990,cell part morphogenesis,M1,1,0
1,-3,GO:0097435,supramolecular fiber organization,M1,1,0
1,-2.8,GO:0048732,gland development,M1,1,0
1,-2.6,GO:0044088,regulation of vacuole organization,M1,1,0
1,-6.7,GO:0031175,neuron projection development,M1,1,0
1,-2.7,GO:0072384,organelle transport along microtubule,M1,1,0
1,-2.8,GO:0006351,DNA-templated transcription,M1,1,0
1,-2.1,GO:0090630,activation of GTPase activity,M1,1,0
1,-5.4,GO:2000392,regulation of lamellipodium morphogenesis,M1,1,0
1,-3.8,GO:0036119,response to platelet-derived growth factor,M1,1,0
1,-2,GO:0002066,columnar/cuboidal epithelial cell development,M1,1,0
1,-3.8,GO:0048858,cell projection morphogenesis,M1,1,0
1,-2.4,GO:0070661,leukocyte proliferation,M1,1,0
1,-2.5,GO:0031329,regulation of cellular catabolic process,M1,1,0
1,-2.7,GO:0090596,sensory organ morphogenesis,M1,1,0
1,-2.7,GO:0034332,adherens junction organization,M1,1,0
1,-2.1,GO:0055006,cardiac cell development,M1,1,0
1,-2,GO:0033157,regulation of intracellular protein transport,M1,1,0
1,-3.5,GO:0032956,regulation of actin cytoskeleton organization,M1,1,0
1,-3.7,GO:0001654,eye development,M1,1,0
1,-2.2,GO:1902745,positive regulation of lamellipodium organization,M1,1,0
1,-2.5,GO:0010639,negative regulation of organelle organization,M1,1,0
1,-2.5,GO:0070306,lens fiber cell differentiation,M1,1,0
1,-4.7,GO:0045055,regulated exocytosis,M1,1,0
1,-2.2,GO:1900371,regulation of purine nucleotide biosynthetic process,M1,1,0
1,-2.4,GO:0050878,regulation of body fluid levels,M1,1,0
1,-3,GO:0021543,pallium development,M1,1,0
1,-3.1,GO:0002064,epithelial cell development,M1,1,0
1,-2.7,GO:0071869,response to catecholamine,M1,1,0
1,-2.3,GO:0040017,positive regulation of locomotion,M1,1,0
1,-3.5,GO:0009991,response to extracellular stimulus,M1,1,0
1,-3.3,GO:0031670,cellular response to nutrient,M1,1,0
1,-7,GO:0099536,synaptic signaling,M1,1,0
1,-2.5,GO:0008360,regulation of cell shape,M1,1,0
1,-3.4,GO:0010506,regulation of autophagy,M1,1,0
1,-2.5,GO:0003002,regionalization,M1,1,0
1,-2.2,GO:0070227,lymphocyte apoptotic process,M1,1,0
1,-2.6,GO:0031113,regulation of microtubule polymerization,M1,1,0
1,-2.5,GO:0032386,regulation of intracellular transport,M1,1,0
1,-2.3,GO:0009112,nucleobase metabolic process,M1,1,0
1,-2.9,GO:0006479,protein methylation,M1,1,0
1,-2.1,GO:0051046,regulation of secretion,M1,1,0
1,-6.7,GO:0007423,sensory organ development,M1,1,0
1,-2.3,GO:0099174,regulation of presynapse organization,M1,1,0
1,-3.4,GO:0060021,roof of mouth development,M1,1,0
1,-2.4,GO:0006906,vesicle fusion,M1,1,0
1,-5.2,GO:0008283,cell population proliferation,M1,1,0
1,-2.5,GO:0032273,positive regulation of protein polymerization,M1,1,0
1,-2.3,GO:0001558,regulation of cell growth,M1,1,0
1,-3.1,GO:0062197,cellular response to chemical stress,M1,1,0
1,-2.9,GO:2000785,regulation of autophagosome assembly,M1,1,0
1,-3.9,GO:0099504,synaptic vesicle cycle,M1,1,0
1,-2.8,GO:0071868,cellular response to monoamine stimulus,M1,1,0
1,-2.1,GO:0007369,gastrulation,M1,1,0
1,-2.4,GO:0018193,peptidyl-amino acid modification,M1,1,0
1,-2,GO:0046651,lymphocyte proliferation,M1,1,0
1,-3.3,GO:0048598,embryonic morphogenesis,M1,1,0
1,-4.1,GO:0098664,G protein-coupled serotonin receptor signaling pathway,M1,1,0
1,-4.9,GO:0048667,cell morphogenesis involved in neuron differentiation,M1,1,0
1,-3.9,GO:0001568,blood vessel development,M1,1,0
1,-2.3,GO:0031334,positive regulation of protein-containing complex assembly,M1,1,0
1,-3.2,GO:0070229,negative regulation of lymphocyte apoptotic process,M1,1,0
1,-2.4,GO:0099601,regulation of neurotransmitter receptor activity,M1,1,0
1,-2.5,GO:1903530,regulation of secretion by cell,M1,1,0
1,-2.7,GO:0045471,response to ethanol,M1,1,0
1,-4.6,GO:0023061,signal release,M1,1,0
1,-2,GO:0007492,endoderm development,M1,1,0
1,-2.4,GO:0009743,response to carbohydrate,M1,1,0
1,-4.2,GO:0048880,sensory system development,M1,1,0
1,-2,GO:0097120,receptor localization to synapse,M1,1,0
1,-4,GO:0070233,negative regulation of T cell apoptotic process,M1,1,0
1,-2.3,GO:0007584,response to nutrient,M1,1,0
1,-2.2,GO:0010611,regulation of cardiac muscle hypertrophy,M1,1,0
1,-4,GO:0043583,ear development,M1,1,0
1,-2.6,GO:1902903,regulation of supramolecular fiber organization,M1,1,0
1,-3.9,GO:0048812,neuron projection morphogenesis,M1,1,0
1,-3.1,GO:0035239,tube morphogenesis,M1,1,0
1,-3.7,GO:0007210,serotonin receptor signaling pathway,M1,1,0
1,-3.2,GO:0048514,blood vessel morphogenesis,M1,1,0
1,-2.1,GO:0007589,body fluid secretion,M1,1,0
1,-2.9,GO:0045664,regulation of neuron differentiation,M1,1,0
1,-2,GO:0033002,muscle cell proliferation,M1,1,0
1,-3.7,GO:0150063,visual system development,M1,1,0
1,-2.3,GO:0071900,regulation of protein serine/threonine kinase activity,M1,1,0
1,-2.7,GO:0009410,response to xenobiotic stimulus,M1,1,0
1,-2.3,GO:1903955,positive regulation of protein targeting to mitochondrion,M1,1,0
1,-6.8,GO:0031344,regulation of cell projection organization,M1,1,0
1,-2,GO:0060966,regulation of gene silencing by RNA,M1,1,0
1,-3.9,GO:0051493,regulation of cytoskeleton organization,M1,1,0
1,-2.8,GO:0051129,negative regulation of cellular component organization,M1,1,0
1,-2.4,GO:0010469,regulation of signaling receptor activity,M1,1,0
1,-3.6,GO:0090504,epiboly,M1,1,0
1,-2,GO:1903533,regulation of protein targeting,M1,1,0
1,-4.3,GO:0016079,synaptic vesicle exocytosis,M1,1,0
1,-2.6,GO:1902743,regulation of lamellipodium organization,M1,1,0
1,-2.7,GO:0044090,positive regulation of vacuole organization,M1,1,0
1,-2.3,GO:0031503,protein-containing complex localization,M1,1,0
1,-3.1,GO:0010906,regulation of glucose metabolic process,M1,1,0
1,-3.8,GO:2000249,regulation of actin cytoskeleton reorganization,M1,1,0
1,-2.8,GO:0097305,response to alcohol,M1,1,0
1,-2.3,GO:0031099,regeneration,M1,1,0
1,-2,GO:0034329,cell junction assembly,M1,1,0
1,-3.2,GO:0006979,response to oxidative stress,M1,1,0
1,-4.6,GO:0007409,axonogenesis,M1,1,0
1,-2.2,GO:0010613,positive regulation of cardiac muscle hypertrophy,M1,1,0
1,-2.7,GO:0042471,ear morphogenesis,M1,1,0
1,-3.3,GO:0030239,myofibril assembly,M1,1,0
1,-3.1,GO:0032970,regulation of actin filament-based process,M1,1,0
1,-5.7,GO:0006836,neurotransmitter transport,M1,1,0
1,-3.2,GO:0097485,neuron projection guidance,M1,1,0
1,-2.6,GO:0046037,GMP metabolic process,M1,1,0
1,-2.9,GO:1901699,cellular response to nitrogen compound,M1,1,0
1,-2.4,GO:0048278,vesicle docking,M1,1,0
1,-3.8,GO:0031667,response to nutrient levels,M1,1,0
1,-2.6,GO:0021766,hippocampus development,M1,1,0
1,-3.1,GO:0030097,hemopoiesis,M1,1,0
1,-2.3,GO:1905606,regulation of presynapse assembly,M1,1,0
1,-3.8,GO:0046649,lymphocyte activation,M1,1,0
1,-3,GO:0048562,embryonic organ morphogenesis,M1,1,0
1,-2.4,GO:0051056,regulation of small GTPase mediated signal transduction,M1,1,0
1,-3.4,GO:0021772,olfactory bulb development,M1,1,0
1,-3.5,GO:0010638,positive regulation of organelle organization,M1,1,0
1,-2.2,GO:0090183,regulation of kidney development,M1,1,0
1,-2.4,GO:0090174,organelle membrane fusion,M1,1,0
1,-2.9,GO:1901652,response to peptide,M1,1,0
1,-2.8,GO:0051960,regulation of nervous system development,M1,1,0
1,-5.2,GO:0031346,positive regulation of cell projection organization,M1,1,0
1,-3.8,GO:0034599,cellular response to oxidative stress,M1,1,0
1,-2.4,GO:0060627,regulation of vesicle-mediated transport,M1,1,0
1,-2.3,GO:0009156,ribonucleoside monophosphate biosynthetic process,M1,1,0
1,-2.9,GO:0042474,middle ear morphogenesis,M1,1,0
1,-2.5,GO:0007548,sex differentiation,M1,1,0
1,-2.6,GO:0007041,lysosomal transport,M1,1,0
1,-2.3,GO:0032388,positive regulation of intracellular transport,M1,1,0
1,-6.3,GO:0042060,wound healing,M1,1,0
1,-2.8,GO:0043406,positive regulation of MAP kinase activity,M1,1,0
1,-2.3,GO:0021885,forebrain cell migration,M1,1,0
1,-3.7,GO:0045321,leukocyte activation,M1,1,0
1,-2.1,GO:0048729,tissue morphogenesis,M1,1,0
1,-4.5,GO:0099003,vesicle-mediated transport in synapse,M1,1,0
1,-2.5,GO:0070231,T cell apoptotic process,M1,1,0
1,-2.4,GO:0010565,regulation of cellular ketone metabolic process,M1,1,0
1,-5.2,GO:0032989,cellular component morphogenesis,M1,1,0
1,-2,GO:0050679,positive regulation of epithelial cell proliferation,M1,1,0
1,-2.5,GO:0002252,immune effector process,M1,1,0
1,-2.9,GO:0070848,response to growth factor,M1,1,0
1,-3.1,GO:0046112,nucleobase biosynthetic process,M1,1,0
1,-4.7,GO:0000902,cell morphogenesis,M1,1,0
1,-2.4,GO:0030534,adult behavior,M1,1,0
1,-2.2,GO:0050804,modulation of chemical synaptic transmission,M1,1,0
1,-2,GO:0062012,regulation of small molecule metabolic process,M1,1,0
1,-3.2,GO:0071417,cellular response to organonitrogen compound,M1,1,0
1,-2.8,GO:0002431,Fc receptor mediated stimulatory signaling pathway,M1,1,0
1,-4.4,GO:0140352,export from cell,M1,1,0
1,-2.2,GO:0048008,platelet-derived growth factor receptor signaling pathway,M1,1,0
1,-2.1,GO:0048663,neuron fate commitment,M1,1,0
1,-2.8,GO:0097009,energy homeostasis,M1,1,0
1,-2.4,GO:0030168,platelet activation,M1,1,0
1,-4,GO:0030855,epithelial cell differentiation,M1,1,0
1,-2.9,GO:0031032,actomyosin structure organization,M1,1,0
1,-3.7,GO:0010927,cellular component assembly involved in morphogenesis,M1,1,0
1,-2.3,GO:0014855,striated muscle cell proliferation,M1,1,0
1,-2.5,GO:0050920,regulation of chemotaxis,M1,1,0
1,-4,GO:0007507,heart development,M1,1,0
1,-2.2,GO:0042098,T cell proliferation,M1,1,0
1,-2.3,GO:0070201,regulation of establishment of protein localization,M1,1,0
1,-2.1,GO:0061138,morphogenesis of a branching epithelium,M1,1,0
1,-3.5,GO:0035313,"wound healing, spreading of epidermal cells",M1,1,0
1,-2,GO:0016050,vesicle organization,M1,1,0
1,-3.1,GO:0030858,positive regulation of epithelial cell differentiation,M1,1,0
1,-5.1,GO:0061564,axon development,M1,1,0
1,-2.5,GO:0048568,embryonic organ development,M1,1,0
1,-2.3,GO:0007009,plasma membrane organization,M1,1,0
1,-2.8,GO:0001505,regulation of neurotransmitter levels,M1,1,0
1,-2.6,GO:0007032,endosome organization,M1,1,0
1,-3.7,GO:0044319,"wound healing, spreading of cells",M1,1,0
1,-3.6,GO:0050767,regulation of neurogenesis,M1,1,0
1,-2.5,GO:0009161,ribonucleoside monophosphate metabolic process,M1,1,0
1,-2.3,GO:0007169,transmembrane receptor protein tyrosine kinase signaling pathway,M1,1,0
1,-2.7,GO:0048013,ephrin receptor signaling pathway,M1,1,0
1,-2.3,GO:1903351,cellular response to dopamine,M1,1,0
1,-2.3,GO:0032886,regulation of microtubule-based process,M1,1,0
1,-2.2,GO:0046320,regulation of fatty acid oxidation,M1,1,0
1,-3,GO:0048839,inner ear development,M1,1,0
1,-5.8,GO:0010975,regulation of neuron projection development,M1,1,0
1,-2.5,GO:0001525,angiogenesis,M1,1,0
1,-2.4,GO:2000147,positive regulation of cell motility,M1,1,0
1,-2,GO:0009124,nucleoside monophosphate biosynthetic process,M1,1,0
1,-2.2,GO:0009615,response to virus,M1,1,0
1,-2.3,GO:0030036,actin cytoskeleton organization,M1,1,0
1,-2,GO:0044057,regulation of system process,M1,1,0
1,-2.2,GO:0043542,endothelial cell migration,M1,1,0
1,-4.5,GO:0042330,taxis,M1,1,0
1,-2.1,GO:0045923,positive regulation of fatty acid metabolic process,M1,1,0
1,-2.6,GO:0022406,membrane docking,M1,1,0
1,-3.5,GO:0030705,cytoskeleton-dependent intracellular transport,M1,1,0
1,-2.5,GO:0046578,regulation of Ras protein signal transduction,M1,1,0
1,-2.1,GO:0044089,positive regulation of cellular component biogenesis,M1,1,0
1,-2.1,GO:0110053,regulation of actin filament organization,M1,1,0
1,-7.1,GO:0007268,chemical synaptic transmission,M1,1,0
1,-2.8,GO:0042110,T cell activation,M1,1,0
1,-4,GO:0031668,cellular response to extracellular stimulus,M1,1,0
1,-2.9,GO:0007193,adenylate cyclase-inhibiting G protein-coupled receptor signaling pathway,M1,1,0
1,-3.9,GO:0043254,regulation of protein-containing complex assembly,M1,1,0
1,-5.6,GO:0001775,cell activation,M1,1,0
1,-7.1,GO:0098916,anterograde trans-synaptic signaling,M1,1,0
1,-2.8,GO:0097659,nucleic acid-templated transcription,M1,1,0
1,-2.3,GO:0019216,regulation of lipid metabolic process,M1,1,0
1,-2.1,GO:0021700,developmental maturation,M1,1,0
1,-2.3,GO:0007610,behavior,M1,1,0
1,-3.1,GO:0140029,exocytic process,M1,1,0
1,-2.9,GO:0010976,positive regulation of neuron projection development,M1,1,0
1,-2.2,GO:0050890,cognition,M1,1,0
1,-2.4,GO:0061572,actin filament bundle organization,M1,1,0
1,-3.1,GO:0055003,cardiac myofibril assembly,M1,1,0
1,-3.2,GO:0055002,striated muscle cell development,M1,1,0
1,-3.7,GO:0001944,vasculature development,M1,1,0
1,-2.4,GO:0022029,telencephalon cell migration,M1,1,0
1,-5.5,GO:0007269,neurotransmitter secretion,M1,1,0
1,-2,GO:0048511,rhythmic process,M1,1,0
1,-3.2,GO:0098609,cell-cell adhesion,M1,1,0
1,-2.3,GO:0002065,columnar/cuboidal epithelial cell differentiation,M1,1,0
1,-3.6,GO:0032355,response to estradiol,M1,1,0
1,-2.4,GO:0030029,actin filament-based process,M1,1,0
1,-2.8,GO:0042475,odontogenesis of dentin-containing tooth,M1,1,0
1,-4.4,GO:2000394,positive regulation of lamellipodium morphogenesis,M1,1,0
1,-2.7,GO:0071363,cellular response to growth factor stimulus,M1,1,0
1,-2.4,GO:0002040,sprouting angiogenesis,M1,1,0
1,-6.8,GO:0099537,trans-synaptic signaling,M1,1,0
1,-2.3,GO:0010508,positive regulation of autophagy,M1,1,0
1,-2,GO:0031349,positive regulation of defense response,M1,1,0
1,-2.1,GO:0042698,ovulation cycle,M1,1,0
1,-4.5,GO:0006935,chemotaxis,M1,1,0
1,-2.2,GO:0014743,regulation of muscle hypertrophy,M1,1,0
1,-2.6,GO:0043010,camera-type eye development,M1,1,0
1,-2,GO:0047496,vesicle transport along microtubule,M1,1,0
1,-2.2,GO:0099177,regulation of trans-synaptic signaling,M1,1,0
1,-2.9,GO:0008213,protein alkylation,M1,1,0
1,-7,GO:0120035,regulation of plasma membrane bounded cell projection organization,M1,1,0
1,-2.5,GO:0030335,positive regulation of cell migration,M1,1,0
1,-3.7,GO:0002011,morphogenesis of an epithelial sheet,M1,1,0
1,-3.1,GO:0001501,skeletal system development,M1,1,0
1,-3.2,GO:0019217,regulation of fatty acid metabolic process,M1,1,0
1,-3.4,GO:0042476,odontogenesis,M1,1,0
1,-2.2,GO:0040008,regulation of growth,M1,1,0
1,-2.2,GO:0033146,regulation of intracellular estrogen receptor signaling pathway,M1,1,0
1,-2.7,GO:0071867,response to monoamine,M1,1,0
1,-2.2,GO:0090316,positive regulation of intracellular protein transport,M1,1,0
1,-2.2,GO:0000226,microtubule cytoskeleton organization,M1,1,0
1,-2.1,GO:0031623,receptor internalization,M1,1,0
1,-2.1,GO:0009123,nucleoside monophosphate metabolic process,M1,1,0
1,-5.5,GO:0007420,brain development,M1,1,0
1,-2.1,GO:0008210,estrogen metabolic process,M1,1,0
1,-2.7,GO:0032774,RNA biosynthetic process,M1,1,0
1,-2.3,GO:0061436,establishment of skin barrier,M1,1,0
1,-4.8,GO:0006468,protein phosphorylation,M1,1,0
1,-2.5,GO:0051656,establishment of organelle localization,M1,1,0
1,-3.2,GO:0008285,negative regulation of cell population proliferation,M1,1,0
1,-3.8,GO:0071496,cellular response to external stimulus,M1,1,0
1,-2.3,GO:0003382,epithelial cell morphogenesis,M1,1,0
1,-2.4,GO:0002244,hematopoietic progenitor cell differentiation,M1,1,0
1,-3.3,GO:0021988,olfactory lobe development,M1,1,0
1,-2.7,GO:0038093,Fc receptor signaling pathway,M1,1,0
1,-3.2,GO:0032103,positive regulation of response to external stimulus,M1,1,0
1,-4,GO:0036120,cellular response to platelet-derived growth factor stimulus,M1,1,0
1,-3.9,GO:0120039,plasma membrane bounded cell projection morphogenesis,M1,1,0
1,-2.3,GO:0070301,cellular response to hydrogen peroxide,M1,1,0
1,-2.2,GO:0030808,regulation of nucleotide biosynthetic process,M1,1,0
1,-2.1,GO:0002009,morphogenesis of an epithelium,M1,1,0
1,-3.8,GO:0021537,telencephalon development,M1,1,0
1,-2,GO:0022600,digestive system process,M1,1,0
1,-3.2,GO:0007411,axon guidance,M1,1,0
1,-2.5,GO:0032941,secretion by tissue,M1,1,0
1,-3.6,GO:0010256,endomembrane system organization,M1,1,0
1,-2.3,GO:0031333,negative regulation of protein-containing complex assembly,M1,1,0
1,-2.3,GO:0048857,neural nucleus development,M1,1,0
1,-2,GO:0002088,lens development in camera-type eye,M1,1,0
1,-3.1,GO:0006109,regulation of carbohydrate metabolic process,M1,1,0
1,-5.8,GO:0009611,response to wounding,M1,1,0
1,-2.8,GO:0071870,cellular response to catecholamine stimulus,M1,1,0
1,-2.8,GO:0001919,regulation of receptor recycling,M1,1,0
1,-3.1,GO:0070232,regulation of T cell apoptotic process,M1,1,0
1,-6.1,GO:0046903,secretion,M1,1,0
1,-2.1,GO:0098727,maintenance of cell number,M1,1,0
1,-2,GO:0034330,cell junction organization,M1,1,0
1,-2.1,GO:0021761,limbic system development,M1,1,0
1,-2.7,GO:0007034,vacuolar transport,M1,1,0
1,-2.2,GO:1903749,positive regulation of establishment of protein localization to mitochondrion,M1,1,0
1,-2.6,GO:0007187,"G protein-coupled receptor signaling pathway, coupled to cyclic nucleotide second messenger",M1,1,0
1,-2.6,GO:0062009,secondary palate development,M1,1,0
1,-3.1,GO:0071407,cellular response to organic cyclic compound,M1,1,0
1,-2,GO:0009167,purine ribonucleoside monophosphate metabolic process,M1,1,0
1,-2.5,GO:2000107,negative regulation of leukocyte apoptotic process,M1,1,0
1,-3.7,GO:0006887,exocytosis,M1,1,0
1,-4,GO:0009725,response to hormone,M1,1,0
1,-4.9,GO:0051640,organelle localization,M1,1,0
1,-2,GO:0031295,T cell costimulation,M1,1,0
1,-4.2,GO:0022604,regulation of cell morphogenesis,M1,1,0
1,-2.2,GO:0014742,positive regulation of muscle hypertrophy,M1,1,0
1,-2.4,GO:0007033,vacuole organization,M1,1,0
1,-2.5,GO:0051223,regulation of protein transport,M1,1,0
1,-4.3,GO:0040011,locomotion,M1,1,0
1,-2.7,GO:0034614,cellular response to reactive oxygen species,M1,1,0
1,-2.1,GO:0001704,formation of primary germ layer,M1,1,0
1,-2.7,GO:1902115,regulation of organelle assembly,M1,1,0
