_MEMBER_genes,_LogP_genes,GO,Description,_PATTERN_,_RANK_,CHILD_GO_genes
1,-7.06266798458793,GO:0050789,regulation of biological process,M1,1,GO:0098916 anterograde trans-synaptic signaling
1,-6.702311446854952,GO:0032502,developmental process,M1,1,GO:0031175 neuron projection development
1,-6.255304814040388,GO:0050896,response to stimulus,M1,1,GO:0042060 wound healing
1,-6.070919533605543,GO:0051179,localization,M1,1,GO:0046903 secretion
1,-5.630098678245361,GO:0032501,multicellular organismal process,M1,1,GO:0001775 cell activation
1,-5.234928041463233,GO:0048518,positive regulation of biological process,M1,1,GO:0031346 positive regulation of cell projection organization
1,-5.20970079808927,GO:0009987,cellular process,M1,1,GO:0008283 cell population proliferation
1,-4.826146013509378,GO:0008152,metabolic process,M1,1,GO:0006468 protein phosphorylation
1,-4.5118115580283655,GO:0040011,locomotion,M1,1,GO:0006935 chemotaxis
1,-3.9773978824556084,GO:0048519,negative regulation of biological process,M1,1,GO:0070233 negative regulation of T cell apoptotic process
1,-3.8301300991999976,GO:0002376,immune system process,M1,1,GO:0046649 lymphocyte activation
1,-2.800156337931781,GO:0042592,homeostatic process,M1,1,GO:0097009 energy homeostasis
1,-2.775466363981516,GO:0065007,biological regulation,M1,1,GO:0001505 regulation of neurotransmitter levels
1,-2.5083004682541037,GO:0022414,reproductive process,M1,1,GO:0007548 sex differentiation
1,-2.310158066794889,GO:0040007,growth,M1,1,GO:0001558 regulation of cell growth
1,-2.1608012359255957,GO:0044419,biological process involved in interspecies interaction between organisms,M1,1,GO:0009615 response to virus
1,-2.099821015439422,GO:0048511,rhythmic process,M1,1,GO:0042698 ovulation cycle
